path,type,size_bytes,lines,package,runtime_or_dev,imports_in_count,imports_out_count,public_symbols,entrypoint,dynamic_reference_risk,side_effect_on_import,network_access,filesystem_write,starts_thread_or_process,qt_dependency,tests_covering_file,responsibility,current_status,proposed_action,destination,confidence,evidence
.gitattributes,text,530,15,.gitattributes,repository,0,0,,,false,false,false,false,false,false,,Repository support or data file.,active_or_unconfirmed,KEEP,,0.75,No confirmed replacement or deletion evidence.
.gitignore,text,5491,233,.gitignore,repository,0,0,,,false,false,true,false,false,false,,Repository support or data file.,active_or_unconfirmed,KEEP,,0.75,No confirmed replacement or deletion evidence.
.vscode/launch.json,configuration,296,13,.vscode,dev,0,0,,,false,false,false,false,false,false,,Repository support or data file.,active_or_unconfirmed,REVIEW_PUBLIC_API,,0.80,Developer-local editor configuration.
.vscode/settings.json,configuration,67,3,.vscode,dev,0,0,,,false,false,false,false,false,false,,Repository support or data file.,active_or_unconfirmed,REVIEW_PUBLIC_API,,0.80,Developer-local editor configuration.
CHANGELOG.md,documentation,2055,46,CHANGELOG.md,repository,0,0,,,false,false,false,false,false,false,,Repository support or data file.,compatibility_risk,REFACTOR_IN_PLACE,,0.72,Contains compatibility/legacy/deprecation markers.
LICENSE,text,1105,21,LICENSE,repository,0,0,,,false,false,false,false,false,false,,Project licence.,active_or_unconfirmed,KEEP,,0.75,No confirmed replacement or deletion evidence.
README.md,documentation,5727,175,README.md,repository,0,0,,,false,false,false,false,false,false,,"Project overview, installation and supported operations.",active_or_unconfirmed,KEEP,,0.75,No confirmed replacement or deletion evidence.
TODO.md,documentation,11822,235,TODO.md,repository,0,0,,,false,false,false,false,false,false,,Repository support or data file.,active_or_unconfirmed,KEEP,,0.75,No confirmed replacement or deletion evidence.
TODO_PHOTOMETRIC.md,documentation,34132,319,TODO_PHOTOMETRIC.md,repository,0,0,,,false,false,false,false,false,false,,Repository support or data file.,compatibility_risk,REFACTOR_IN_PLACE,,0.72,Contains compatibility/legacy/deprecation markers.
TODO_light_pollution.md,documentation,4818,94,TODO_light_pollution.md,repository,0,0,,,false,false,false,false,false,false,,Repository support or data file.,active_or_unconfirmed,KEEP,,0.75,No confirmed replacement or deletion evidence.
TODO_refactor.md,documentation,10077,148,TODO_refactor.md,repository,0,0,,,false,false,false,false,false,false,,Repository support or data file.,compatibility_risk,REFACTOR_IN_PLACE,,0.72,Contains compatibility/legacy/deprecation markers.
TerraLab/NOTES.md,documentation,1403,40,TerraLab,runtime,0,0,,,false,false,false,false,false,false,,TerraLab NOTES.md runtime.,active_or_unconfirmed,KEEP,,0.75,No confirmed replacement or deletion evidence.
TerraLab/README.md,documentation,1587,37,TerraLab,runtime,0,0,,,false,false,false,false,false,false,,TerraLab README.md runtime.,active_or_unconfirmed,KEEP,,0.75,No confirmed replacement or deletion evidence.
TerraLab/__init__.py,python,21,1,TerraLab,runtime,2,0,,,false,false,false,false,false,false,tests/architecture/__init__.py;tests/architecture/test_boundaries.py;tests/architecture/test_import_safety.py;tests/architecture/test_mvc_file_roles.py;tests/cli/test_entrypoints.py;tests/common/test_cache.py;tests/common/test_cancellation.py;tests/common/test_exception_reporting.py;tests/common/test_performance_budget.py;tests/data/test_gaia_process_pipeline.py;tests/data/test_star_colours.py;tests/light_pollution/test_processing.py;tests/terrain/test_asc_cache.py;tests/terrain/test_bands.py;tests/terrain/test_elevation_query.py;tests/terrain/test_raster_windows.py;tests/terrain/test_tile_index.py;tests/terrain/test_vectorized_raycast.py;tests/test_adaptive_sampling.py;tests/test_assets_manager_data_sources.py;tests/test_astro_rendering.py;tests/test_bake_process_atomic_save.py;tests/test_compact_control_layout.py;tests/test_config.py;tests/test_copernicus_asset_integration.py;tests/test_copernicus_orthophoto.py;tests/test_copernicus_orthophoto_dialog.py;tests/test_data_layers_ui_contract.py;tests/test_data_library.py;tests/test_data_sources.py;tests/test_deprecated_registry.py;tests/test_design_system.py;tests/test_diffuse_coords.py;tests/test_diffuse_noise.py;tests/test_ephemeris_coordinator.py;tests/test_gaia_manifest_resolution.py;tests/test_geospatial_providers.py;tests/test_horizon_baker_coverage.py;tests/test_horizon_worker_bortle.py;tests/test_light_pollution_modes.py;tests/test_light_pollution_sampler_crs.py;tests/test_light_pollution_sampler_spatial.py;tests/test_light_pollution_typed_chain.py;tests/test_milky_way.py;tests/test_morell_puig_den_cama.py;tests/test_offscreen_functional_regressions.py;tests/test_onboarding_dem_autolocation.py;tests/test_onboarding_first_run.py;tests/test_packaging_contract.py;tests/test_process_canvas_interactions.py;tests/test_providers.py;tests/test_qt_lifecycle.py;tests/test_ray_precision.py;tests/test_recovered_sky_features.py;tests/test_runtime_process_isolation.py;tests/test_s2glc_download.py;tests/test_s2glc_land_cover.py;tests/test_scope_ui_manager.py;tests/test_search_engine.py;tests/test_spherical_math.py;tests/test_star_data_coordinator.py;tests/test_surface_lod_cache.py;tests/test_surface_mode_switch.py;tests/test_telescope_runtime.py;tests/test_terrain_render_pipeline.py;tests/test_terrain_representation.py;tests/test_terrain_surface_render.py;tests/test_terrain_visibility_range.py;tests/test_tile_cache_load_safety.py;tests/test_tile_manifest.py;tests/test_visual_magnitude_engine.py;tests/test_worker_data_sources.py,TerraLab __init__.py runtime.,active_or_unconfirmed,REVIEW_PUBLIC_API,,0.85,Package public surface must be verified before changes.
TerraLab/__main__.py,python,5258,165,TerraLab,runtime,0,7,build_parser;continue_after_load_failure;main;run,terralab,true,true,false,false,false,true,tests/cli/test_entrypoints.py,TerraLab desktop application entry point.,compatibility_risk,REFACTOR_IN_PLACE,,0.72,Contains compatibility/legacy/deprecation markers. Potential top-level runtime call detected. 1 broad exception handlers.
TerraLab/assets/ES.csv,csv,11917841,87062,TerraLab.assets,runtime,0,0,,,false,false,false,false,false,false,,TerraLab assets runtime.,compatibility_risk,SPLIT,,0.90,Productive module has 87062 lines (>800 target).
TerraLab/assets/FR.csv,csv,25305850,174238,TerraLab.assets,runtime,0,0,,,false,false,true,false,false,false,,TerraLab assets runtime.,compatibility_risk,SPLIT,,0.90,Productive module has 174238 lines (>800 target).
TerraLab/assets/PT.csv,csv,4630519,38296,TerraLab.assets,runtime,0,0,,,false,false,false,false,false,false,,TerraLab assets runtime.,compatibility_risk,SPLIT,,0.90,Productive module has 38296 lines (>800 target).
TerraLab/assets/horizon_profile.npz,binary,12852,0,TerraLab.assets,runtime,0,0,,,false,false,false,false,false,false,,TerraLab assets runtime.,active_or_unconfirmed,REVIEW_BINARY,,0.90,Binary/data asset requires consumer and packaging review.
TerraLab/astro/README.md,documentation,362,9,TerraLab.astro,runtime,0,0,,,false,false,false,false,false,false,,TerraLab astro runtime.,active_or_unconfirmed,KEEP,,0.75,No confirmed replacement or deletion evidence.
TerraLab/astro/__init__.py,python,0,0,TerraLab.astro,runtime,0,0,,,false,false,false,false,false,false,tests/architecture/test_boundaries.py;tests/terrain/test_elevation_query.py;tests/terrain/test_vectorized_raycast.py;tests/test_assets_manager_data_sources.py;tests/test_astro_rendering.py;tests/test_bake_process_atomic_save.py;tests/test_copernicus_asset_integration.py;tests/test_copernicus_orthophoto.py;tests/test_copernicus_orthophoto_dialog.py;tests/test_data_layers_ui_contract.py;tests/test_ephemeris_coordinator.py;tests/test_geospatial_providers.py;tests/test_horizon_baker_coverage.py;tests/test_horizon_worker_bortle.py;tests/test_light_pollution_modes.py;tests/test_light_pollution_sampler_crs.py;tests/test_offscreen_functional_regressions.py;tests/test_process_canvas_interactions.py;tests/test_recovered_sky_features.py;tests/test_s2glc_download.py;tests/test_scope_ui_manager.py;tests/test_search_engine.py;tests/test_surface_mode_switch.py;tests/test_terrain_representation.py;tests/test_worker_data_sources.py,TerraLab astro runtime.,active_or_unconfirmed,REVIEW_PUBLIC_API,,0.85,Package public surface must be verified before changes.
TerraLab/astro/engine.py,python,14074,425,TerraLab.astro,runtime,1,0,AstroEngine,,false,false,false,false,false,false,tests/test_search_engine.py,Analytical astronomical calculations used by sky rendering.,active_or_unconfirmed,KEEP,,0.75,No confirmed replacement or deletion evidence.
TerraLab/astro/ephemeris_coordinator.py,python,13015,369,TerraLab.astro,runtime,5,1,EphemerisCoordinator;planet_apparent_magnitude;snapshot_datetime_utc;snapshot_matches_utc_context;utc_datetime_from_context,,true,false,true,true,true,true,tests/test_ephemeris_coordinator.py;tests/test_offscreen_functional_regressions.py;tests/test_qt_lifecycle.py;tests/test_recovered_sky_features.py,Coordinador d'efemerides astronomiques. Calcula snapshots de sol/lluna/planetes fora del cami de render.,compatibility_risk,REFACTOR_IN_PLACE,,0.72,Contains compatibility/legacy/deprecation markers. 4 broad exception handlers.
TerraLab/astro/ngc_catalog.py,python,11369,386,TerraLab.astro,runtime,5,1,NGCObject;iter_ngc_aliases;load_ngc_catalog;ngc_display_label,,true,false,false,true,false,false,tests/test_assets_manager_data_sources.py;tests/test_astro_rendering.py;tests/test_data_library.py;tests/test_search_engine.py,OpenNGC catalog loader and alias helpers used by search/overlay.,compatibility_risk,REFACTOR_IN_PLACE,,0.72,Contains compatibility/legacy/deprecation markers. 7 broad exception handlers.
TerraLab/astro/search_engine.py,python,12747,372,TerraLab.astro,runtime,2,3,AstroSearchEngine;build_search_index_for_widget;center_on_object_for_widget;ensure_widget_search_engine;load_named_star_entries;load_ngc_entries;on_search_triggered_for_widget,,true,true,false,false,false,false,tests/test_search_engine.py,"Search index helpers for planets, stars and NGC objects.",compatibility_risk,REFACTOR_IN_PLACE,,0.72,Contains compatibility/legacy/deprecation markers. Potential top-level runtime call detected. 4 broad exception handlers.
TerraLab/cli/README.md,documentation,301,7,TerraLab.cli,runtime,0,0,,,false,false,false,false,false,false,,TerraLab cli runtime.,active_or_unconfirmed,KEEP,,0.75,No confirmed replacement or deletion evidence.
TerraLab/cli/__init__.py,python,52,1,TerraLab.cli,runtime,1,0,,,false,false,false,false,false,false,tests/architecture/test_boundaries.py;tests/cli/test_entrypoints.py;tests/terrain/test_elevation_query.py;tests/terrain/test_vectorized_raycast.py;tests/test_assets_manager_data_sources.py;tests/test_astro_rendering.py;tests/test_bake_process_atomic_save.py;tests/test_copernicus_asset_integration.py;tests/test_copernicus_orthophoto.py;tests/test_copernicus_orthophoto_dialog.py;tests/test_data_layers_ui_contract.py;tests/test_geospatial_providers.py;tests/test_horizon_baker_coverage.py;tests/test_horizon_worker_bortle.py;tests/test_light_pollution_modes.py;tests/test_light_pollution_sampler_crs.py;tests/test_offscreen_functional_regressions.py;tests/test_process_canvas_interactions.py;tests/test_s2glc_download.py;tests/test_scope_ui_manager.py;tests/test_search_engine.py;tests/test_surface_mode_switch.py;tests/test_terrain_representation.py;tests/test_worker_data_sources.py,Supported command-line adapters for TerraLab.,active_or_unconfirmed,REVIEW_PUBLIC_API,,0.85,Package public surface must be verified before changes.
TerraLab/cli/calibrate_sqm.py,python,2135,74,TerraLab.cli,runtime,0,1,CalibrationResult;build_parser;main;run,terralab-calibrate-sqm,false,false,false,false,false,false,tests/cli/test_entrypoints.py,SQM calibration command.,active_or_unconfirmed,KEEP,,0.75,No confirmed replacement or deletion evidence.
TerraLab/cli/dvnl_convolve.py,python,1900,66,TerraLab.cli,runtime,0,2,build_parser;main;run,terralab-dvnl-convolve,false,false,false,false,false,false,tests/cli/test_entrypoints.py,DVNL convolution command.,active_or_unconfirmed,KEEP,,0.75,No confirmed replacement or deletion evidence.
TerraLab/cli/dvnl_preprocess.py,python,1124,40,TerraLab.cli,runtime,0,1,build_parser;main;run,terralab-dvnl-preprocess,false,false,false,false,false,false,tests/cli/test_entrypoints.py,DVNL preprocessing command.,active_or_unconfirmed,KEEP,,0.75,No confirmed replacement or deletion evidence.
TerraLab/cli/gaia.py,python,2691,82,TerraLab.cli,runtime,1,2,build_parser;main;run,terralab-gaia,false,false,true,false,false,false,tests/cli/test_entrypoints.py;tests/data/test_gaia_process_pipeline.py;tests/test_gaia_manifest_resolution.py;tests/test_offscreen_functional_regressions.py,Gaia tiled-catalog download command.,active_or_unconfirmed,KEEP,,0.75,No confirmed replacement or deletion evidence.
TerraLab/cli/predict_sqm_raster.py,python,1388,49,TerraLab.cli,runtime,0,1,build_parser;main;run,terralab-predict-sqm,false,false,false,false,false,false,tests/cli/test_entrypoints.py,SQM raster prediction command.,active_or_unconfirmed,KEEP,,0.75,No confirmed replacement or deletion evidence.
TerraLab/cli/query_elevation.py,python,3704,114,TerraLab.cli,runtime,0,2,build_parser;main;run,terralab-query-elevation,false,false,false,false,false,false,tests/cli/test_entrypoints.py;tests/terrain/test_elevation_query.py,Command-line adapter for point elevation queries.,active_or_unconfirmed,KEEP,,0.75,No confirmed replacement or deletion evidence. 1 broad exception handlers.
TerraLab/common/README.md,documentation,1904,26,TerraLab.common,runtime,0,0,,,false,false,false,false,false,false,,TerraLab common runtime.,active_or_unconfirmed,KEEP,,0.75,No confirmed replacement or deletion evidence.
TerraLab/common/__init__.py,python,0,0,TerraLab.common,runtime,0,0,,,false,false,false,false,false,false,tests/architecture/test_boundaries.py;tests/architecture/test_import_safety.py;tests/common/test_cache.py;tests/common/test_cancellation.py;tests/common/test_exception_reporting.py;tests/common/test_performance_budget.py;tests/data/test_gaia_process_pipeline.py;tests/terrain/test_elevation_query.py;tests/terrain/test_vectorized_raycast.py;tests/test_assets_manager_data_sources.py;tests/test_astro_rendering.py;tests/test_bake_process_atomic_save.py;tests/test_config.py;tests/test_copernicus_asset_integration.py;tests/test_copernicus_orthophoto.py;tests/test_copernicus_orthophoto_dialog.py;tests/test_data_layers_ui_contract.py;tests/test_data_library.py;tests/test_data_sources.py;tests/test_deprecated_registry.py;tests/test_design_system.py;tests/test_geospatial_providers.py;tests/test_horizon_baker_coverage.py;tests/test_horizon_worker_bortle.py;tests/test_light_pollution_modes.py;tests/test_light_pollution_sampler_crs.py;tests/test_morell_puig_den_cama.py;tests/test_offscreen_functional_regressions.py;tests/test_onboarding_dem_autolocation.py;tests/test_process_canvas_interactions.py;tests/test_s2glc_download.py;tests/test_s2glc_land_cover.py;tests/test_scope_ui_manager.py;tests/test_search_engine.py;tests/test_surface_mode_switch.py;tests/test_terrain_representation.py;tests/test_worker_data_sources.py,TerraLab common runtime.,active_or_unconfirmed,REVIEW_PUBLIC_API,,0.85,Package public surface must be verified before changes.
TerraLab/common/app_paths.py,python,3863,145,TerraLab.common,runtime,17,1,app_root;cache_dir;config_dir;config_path;constellations_path;data_dir;data_source_catalog_path;ensure_runtime_layout;ephemeris_path;migrate_legacy_config;runtime_layout;tmp_dir;weather_cache_path,,true,false,false,true,false,false,tests/test_data_sources.py,Runtime path helpers for TerraLab user data and caches.,active_or_unconfirmed,KEEP,,0.75,No confirmed replacement or deletion evidence. 1 broad exception handlers.
TerraLab/common/cache.py,python,2101,68,TerraLab.common,runtime,4,0,ByteLRU,,false,false,false,false,false,false,tests/architecture/test_boundaries.py;tests/architecture/test_import_safety.py;tests/common/test_cache.py;tests/terrain/test_tile_index.py;tests/test_geospatial_providers.py;tests/test_s2glc_land_cover.py;tests/test_surface_lod_cache.py;tests/test_terrain_surface_render.py;tests/test_tile_cache_load_safety.py;tests/test_worker_data_sources.py,"Thread-safe, byte-bounded runtime caches.",active_or_unconfirmed,KEEP,,0.75,No confirmed replacement or deletion evidence.
TerraLab/common/cancellation.py,python,1358,49,TerraLab.common,runtime,4,0,CancelledGeneration;GenerationController;GenerationToken,,false,false,false,false,false,false,tests/architecture/test_boundaries.py;tests/architecture/test_import_safety.py;tests/common/test_cancellation.py;tests/data/test_gaia_process_pipeline.py,Cooperative last-request-wins cancellation primitives.,active_or_unconfirmed,KEEP,,0.75,No confirmed replacement or deletion evidence.
TerraLab/common/custom_widget_base.py,python,36886,996,TerraLab.common,runtime,2,2,CustomWidgetBase;ThemeLifecycleService;WindowInteractionService;WindowStateService;darken_color;get_contrast_color;lighten_color,,true,false,false,false,false,true,,"Classe base per a tots els widgets personalitzats de l'escriptori. Proporciona funcionalitats comunes com arrossegar, redimensionar i controls de finestra. Aquesta implementació incorpora suport de tematització. Els colors i estils de la in",oversized,SPLIT,,0.90,Productive module has 996 lines (>800 target). 6 broad exception handlers.
TerraLab/common/data_library.py,python,25578,647,TerraLab.common,runtime,14,0,DataLibrary;DataLibraryError;DataLibraryMigrationCancelled;DataLibraryNotConfigured;MigrationReport;application_state_root;configured_data_root;data_location_pointer_path;platform_state_base,,true,false,false,true,false,false,tests/test_assets_manager_data_sources.py;tests/test_copernicus_asset_integration.py;tests/test_data_library.py;tests/test_s2glc_download.py;tests/test_s2glc_land_cover.py,"User-selected TerraLab data library and migration helpers. Application preferences remain in the platform state directory. Scientific datasets, generated indexes, caches, downloads and their catalogue live below the library root selected by",compatibility_risk,REFACTOR_IN_PLACE,,0.72,Contains compatibility/legacy/deprecation markers.
TerraLab/common/deprecation_registry.py,python,1460,51,TerraLab.common,runtime,2,0,emit_deprecation_warning;read_registry;registry_file_path,,false,false,false,false,false,false,tests/architecture/test_import_safety.py;tests/test_deprecated_registry.py,"Read-only deprecation metadata and standard warnings. The runtime never creates or mutates the registry. Architectural history is a versioned documentation concern, so the JSON file lives under ``docs`` and is validated by tests.",compatibility_risk,REFACTOR_IN_PLACE,,0.72,Contains compatibility/legacy/deprecation markers.
TerraLab/common/design_tokens.py,python,1700,58,TerraLab.common,runtime,3,0,TerraLabPalette;onboarding_widget_theme,,false,false,false,false,false,false,tests/test_design_system.py,Tokens visuals compartits del llenguatge cinematogràfic de TerraLab.,active_or_unconfirmed,KEEP,,0.75,No confirmed replacement or deletion evidence.
TerraLab/common/exception_reporting.py,python,568,19,TerraLab.common,runtime,51,0,log_suppressed_exception,,false,false,false,false,false,false,tests/common/test_exception_reporting.py,Observable handling for deliberately non-fatal runtime failures.,active_or_unconfirmed,KEEP,,0.75,No confirmed replacement or deletion evidence.
TerraLab/common/locks.py,python,255,6,TerraLab.common,runtime,7,0,,,false,false,false,false,false,false,,TerraLab common runtime.,active_or_unconfirmed,KEEP,,0.75,No confirmed replacement or deletion evidence.
TerraLab/common/perf_events.py,python,1145,38,TerraLab.common,runtime,7,2,append_perf_event;perf_log_path,,false,false,false,true,false,false,,TerraLab common runtime.,active_or_unconfirmed,KEEP,,0.75,No confirmed replacement or deletion evidence. 1 broad exception handlers.
TerraLab/common/performance/README.md,documentation,358,10,TerraLab.common,runtime,0,0,,,false,false,false,false,false,false,,TerraLab common runtime.,active_or_unconfirmed,KEEP,,0.75,No confirmed replacement or deletion evidence.
TerraLab/common/performance/__init__.py,python,153,5,TerraLab.common,runtime,0,0,,,false,false,false,false,false,false,tests/architecture/test_boundaries.py;tests/common/test_performance_budget.py;tests/terrain/test_elevation_query.py;tests/terrain/test_vectorized_raycast.py;tests/test_assets_manager_data_sources.py;tests/test_astro_rendering.py;tests/test_bake_process_atomic_save.py;tests/test_copernicus_asset_integration.py;tests/test_copernicus_orthophoto.py;tests/test_copernicus_orthophoto_dialog.py;tests/test_data_layers_ui_contract.py;tests/test_geospatial_providers.py;tests/test_horizon_baker_coverage.py;tests/test_horizon_worker_bortle.py;tests/test_light_pollution_modes.py;tests/test_light_pollution_sampler_crs.py;tests/test_offscreen_functional_regressions.py;tests/test_process_canvas_interactions.py;tests/test_s2glc_download.py;tests/test_scope_ui_manager.py;tests/test_search_engine.py;tests/test_surface_mode_switch.py;tests/test_terrain_representation.py;tests/test_worker_data_sources.py,"Runtime performance policy. Consumers import from the cohesive leaf modules instead of a catch-all facade: ``budget``, ``flags`` and ``memory``.",active_or_unconfirmed,REVIEW_PUBLIC_API,,0.85,Package public surface must be verified before changes.
TerraLab/common/performance/budget.py,python,1315,43,TerraLab.common,runtime,11,1,PerformanceBudget,,false,false,false,false,false,false,tests/common/test_performance_budget.py,Central memory and batch-size budgets.,active_or_unconfirmed,KEEP,,0.75,No confirmed replacement or deletion evidence.
TerraLab/common/performance/flags.py,python,1182,37,TerraLab.common,runtime,12,0,PerformanceFlags,,false,false,false,false,false,false,tests/common/test_performance_budget.py;tests/data/test_gaia_process_pipeline.py;tests/test_geospatial_providers.py;tests/test_terrain_surface_render.py,Environment-selected performance backend switches.,active_or_unconfirmed,KEEP,,0.75,No confirmed replacement or deletion evidence.
TerraLab/common/performance/memory.py,python,3877,109,TerraLab.common,runtime,6,0,physical_memory_bytes;process_memory_bytes,,false,false,false,false,false,false,tests/test_copernicus_orthophoto.py;tests/test_offscreen_functional_regressions.py,Portable physical and process memory measurements.,active_or_unconfirmed,KEEP,,0.75,No confirmed replacement or deletion evidence.
TerraLab/common/timestamped_print.py,python,1377,57,TerraLab.common,runtime,1,0,enable_timestamped_print,,false,false,false,false,false,false,,TerraLab common runtime.,active_or_unconfirmed,KEEP,,0.75,No confirmed replacement or deletion evidence.
TerraLab/common/utils.py,python,9398,297,TerraLab.common,runtime,41,2,getTraduction;get_base_dir;get_config_value;get_language;load_custom_font;resource_path;set_config_value;set_language,,true,false,false,true,false,true,tests/test_config.py;tests/test_morell_puig_den_cama.py;tests/test_onboarding_dem_autolocation.py,TerraLab common runtime.,compatibility_risk,REFACTOR_IN_PLACE,,0.72,Contains compatibility/legacy/deprecation markers. 8 broad exception handlers.
TerraLab/config.py,python,4422,153,TerraLab,runtime,5,5,ConfigManager,,true,false,false,false,false,false,tests/test_astro_rendering.py;tests/test_compact_control_layout.py;tests/test_config.py;tests/test_copernicus_asset_integration.py;tests/test_data_library.py;tests/test_onboarding_first_run.py;tests/test_qt_lifecycle.py;tests/test_terrain_render_pipeline.py;tests/test_terrain_surface_render.py,TerraLab config.py runtime.,compatibility_risk,REFACTOR_IN_PLACE,,0.72,Contains compatibility/legacy/deprecation markers.
TerraLab/data/README.md,documentation,369,10,TerraLab.data,runtime,0,0,,,false,false,false,false,false,false,,TerraLab data runtime.,active_or_unconfirmed,KEEP,,0.75,No confirmed replacement or deletion evidence.
TerraLab/data/__init__.py,python,0,0,TerraLab.data,runtime,3,0,,,false,false,false,false,false,false,tests/architecture/test_boundaries.py;tests/data/test_gaia_process_pipeline.py;tests/terrain/test_elevation_query.py;tests/terrain/test_vectorized_raycast.py;tests/test_assets_manager_data_sources.py;tests/test_astro_rendering.py;tests/test_bake_process_atomic_save.py;tests/test_copernicus_asset_integration.py;tests/test_copernicus_orthophoto.py;tests/test_copernicus_orthophoto_dialog.py;tests/test_data_layers_ui_contract.py;tests/test_geospatial_providers.py;tests/test_horizon_baker_coverage.py;tests/test_horizon_worker_bortle.py;tests/test_light_pollution_modes.py;tests/test_light_pollution_sampler_crs.py;tests/test_milky_way.py;tests/test_offscreen_functional_regressions.py;tests/test_onboarding_dem_autolocation.py;tests/test_process_canvas_interactions.py;tests/test_s2glc_download.py;tests/test_s2glc_land_cover.py;tests/test_scope_ui_manager.py;tests/test_search_engine.py;tests/test_star_data_coordinator.py;tests/test_surface_mode_switch.py;tests/test_terrain_representation.py;tests/test_tile_manifest.py;tests/test_worker_data_sources.py,TerraLab data runtime.,active_or_unconfirmed,REVIEW_PUBLIC_API,,0.85,Package public surface must be verified before changes.
TerraLab/data/assets/README.md,documentation,504,12,TerraLab.data,runtime,0,0,,,false,false,false,false,false,false,,TerraLab data runtime.,active_or_unconfirmed,KEEP,,0.75,No confirmed replacement or deletion evidence.
TerraLab/data/assets/__init__.py,python,417,15,TerraLab.data,runtime,1,0,,,true,false,false,false,false,false,tests/architecture/test_boundaries.py;tests/terrain/test_elevation_query.py;tests/terrain/test_vectorized_raycast.py;tests/test_assets_manager_data_sources.py;tests/test_astro_rendering.py;tests/test_bake_process_atomic_save.py;tests/test_copernicus_asset_integration.py;tests/test_copernicus_orthophoto.py;tests/test_copernicus_orthophoto_dialog.py;tests/test_data_layers_ui_contract.py;tests/test_geospatial_providers.py;tests/test_horizon_baker_coverage.py;tests/test_horizon_worker_bortle.py;tests/test_light_pollution_modes.py;tests/test_light_pollution_sampler_crs.py;tests/test_offscreen_functional_regressions.py;tests/test_onboarding_dem_autolocation.py;tests/test_process_canvas_interactions.py;tests/test_s2glc_download.py;tests/test_s2glc_land_cover.py;tests/test_scope_ui_manager.py;tests/test_search_engine.py;tests/test_surface_mode_switch.py;tests/test_terrain_representation.py;tests/test_worker_data_sources.py,Focused data asset management responsibilities.,active_or_unconfirmed,REVIEW_PUBLIC_API,,0.85,Package public surface must be verified before changes.
TerraLab/data/assets/discovery.py,python,19506,468,TerraLab.data,runtime,1,4,AssetDiscoveryMixin,,false,false,true,true,false,false,,Discovery and registration of local or external datasets.,active_or_unconfirmed,KEEP,,0.75,No confirmed replacement or deletion evidence. 2 broad exception handlers.
TerraLab/data/assets/downloads.py,python,17834,460,TerraLab.data,runtime,0,3,AssetDownloadMixin,,true,false,true,true,false,false,tests/test_copernicus_asset_integration.py;tests/test_copernicus_orthophoto.py;tests/test_s2glc_download.py,Network download orchestration for supported datasets.,active_or_unconfirmed,KEEP,,0.75,No confirmed replacement or deletion evidence. 2 broad exception handlers.
TerraLab/data/assets/installation.py,python,18417,416,TerraLab.data,runtime,0,7,AssetInstallMixin,,true,false,false,true,false,false,,Explicit installation and import of user-provided assets.,active_or_unconfirmed,KEEP,,0.75,No confirmed replacement or deletion evidence. 3 broad exception handlers.
TerraLab/data/assets/registry.py,python,24170,575,TerraLab.data,runtime,1,7,AssetRegistryMixin,,true,false,true,true,false,false,tests/test_data_layers_ui_contract.py;tests/test_data_sources.py;tests/test_surface_lod_cache.py;tests/test_surface_mode_switch.py;tests/test_worker_data_sources.py,"Asset catalogue, manifest state, and removal operations.",compatibility_risk,REFACTOR_IN_PLACE,,0.72,Contains compatibility/legacy/deprecation markers. 1 broad exception handlers.
TerraLab/data/assets/runtime.py,python,5364,182,TerraLab.data,runtime,6,6,AssetOperationCancelled;AssetRemovalPreview;AssetRemovalReport;AssetSpec;build_gaia_catalog_spawned;convert_milkyway_fits_to_png;convert_planck_fits_to_cache;copernicus_manager_class;set_asset_config,,true,false,true,false,false,false,tests/architecture/test_import_safety.py;tests/test_assets_manager_data_sources.py;tests/test_data_layers_ui_contract.py;tests/test_offscreen_functional_regressions.py;tests/test_recovered_sky_features.py;tests/test_runtime_process_isolation.py,"Asset manager for per-layer onboarding, downloads and imports.",active_or_unconfirmed,KEEP,,0.75,No confirmed replacement or deletion evidence. 1 broad exception handlers.
TerraLab/data/assets/validation.py,python,20925,564,TerraLab.data,runtime,0,8,AssetValidationMixin,,true,false,false,true,false,false,tests/test_copernicus_orthophoto.py,Validation and metadata inspection for managed assets.,active_or_unconfirmed,KEEP,,0.75,No confirmed replacement or deletion evidence. 9 broad exception handlers.
TerraLab/data/assets_manager.py,python,1135,44,TerraLab.data,runtime,10,5,AssetManager,,true,false,false,false,false,false,tests/test_assets_manager_data_sources.py;tests/test_copernicus_asset_integration.py;tests/test_onboarding_dem_autolocation.py;tests/test_s2glc_download.py;tests/test_s2glc_land_cover.py,Canonical data-library asset manager.,active_or_unconfirmed,KEEP,,0.75,No confirmed replacement or deletion evidence.
TerraLab/data/catalogs/README.md,documentation,300,7,TerraLab.data,runtime,0,0,,,false,false,false,false,false,false,,TerraLab data runtime.,active_or_unconfirmed,KEEP,,0.75,No confirmed replacement or deletion evidence.
TerraLab/data/catalogs/__init__.py,python,61,1,TerraLab.data,runtime,0,0,,,false,false,false,false,false,false,tests/architecture/test_boundaries.py;tests/terrain/test_elevation_query.py;tests/terrain/test_vectorized_raycast.py;tests/test_assets_manager_data_sources.py;tests/test_astro_rendering.py;tests/test_bake_process_atomic_save.py;tests/test_copernicus_asset_integration.py;tests/test_copernicus_orthophoto.py;tests/test_copernicus_orthophoto_dialog.py;tests/test_data_layers_ui_contract.py;tests/test_geospatial_providers.py;tests/test_horizon_baker_coverage.py;tests/test_horizon_worker_bortle.py;tests/test_light_pollution_modes.py;tests/test_light_pollution_sampler_crs.py;tests/test_offscreen_functional_regressions.py;tests/test_process_canvas_interactions.py;tests/test_s2glc_download.py;tests/test_scope_ui_manager.py;tests/test_search_engine.py;tests/test_surface_mode_switch.py;tests/test_terrain_representation.py;tests/test_worker_data_sources.py,"Runtime catalogue loading, storage and cache services.",active_or_unconfirmed,REVIEW_PUBLIC_API,,0.85,Package public surface must be verified before changes.
TerraLab/data/catalogs/constants.py,python,172,5,TerraLab.data,runtime,0,1,,,true,false,false,false,false,false,tests/architecture/test_boundaries.py,Compatibility exports for canonical data constants.,compatibility_risk,REFACTOR_IN_PLACE,,0.72,Contains compatibility/legacy/deprecation markers.
TerraLab/data/catalogs/scope_cache.py,python,26994,770,TerraLab.data,runtime,1,1,ScopeRuntimeCacheManager,,true,false,false,true,false,false,,Persistent scope runtime cache for memory-mapped star bundles.,active_or_unconfirmed,KEEP,,0.75,No confirmed replacement or deletion evidence. 18 broad exception handlers.
TerraLab/data/catalogs/scope_preload_cache.py,python,10671,341,TerraLab.data,runtime,0,5,main,,true,false,false,true,false,false,,Subprocess entry point for building the scope preload cache.,active_or_unconfirmed,KEEP,,0.75,No confirmed replacement or deletion evidence. 3 broad exception handlers.
TerraLab/data/catalogs/star_catalog.py,python,19075,632,TerraLab.data,runtime,4,5,,,false,false,false,false,false,false,,"Star catalogue discovery, loading, merging, and conversion.",active_or_unconfirmed,KEEP,,0.75,No confirmed replacement or deletion evidence. 9 broad exception handlers.
TerraLab/data/constants.py,python,148,5,TerraLab.data,runtime,6,0,,,true,false,false,false,false,false,tests/architecture/test_boundaries.py,Shared data contracts without UI or runtime dependencies.,active_or_unconfirmed,KEEP,,0.75,No confirmed replacement or deletion evidence.
TerraLab/data/converters/README.md,documentation,306,7,TerraLab.data,runtime,0,0,,,false,false,false,false,false,false,,TerraLab data runtime.,active_or_unconfirmed,KEEP,,0.75,No confirmed replacement or deletion evidence.
TerraLab/data/converters/__init__.py,python,65,1,TerraLab.data,runtime,0,0,,,false,false,false,false,false,false,tests/architecture/test_boundaries.py;tests/terrain/test_elevation_query.py;tests/terrain/test_vectorized_raycast.py;tests/test_assets_manager_data_sources.py;tests/test_astro_rendering.py;tests/test_bake_process_atomic_save.py;tests/test_copernicus_asset_integration.py;tests/test_copernicus_orthophoto.py;tests/test_copernicus_orthophoto_dialog.py;tests/test_data_layers_ui_contract.py;tests/test_geospatial_providers.py;tests/test_horizon_baker_coverage.py;tests/test_horizon_worker_bortle.py;tests/test_light_pollution_modes.py;tests/test_light_pollution_sampler_crs.py;tests/test_milky_way.py;tests/test_offscreen_functional_regressions.py;tests/test_process_canvas_interactions.py;tests/test_s2glc_download.py;tests/test_scope_ui_manager.py;tests/test_search_engine.py;tests/test_surface_mode_switch.py;tests/test_terrain_representation.py;tests/test_worker_data_sources.py,Offline converters shared by data installation strategies.,active_or_unconfirmed,REVIEW_PUBLIC_API,,0.85,Package public surface must be verified before changes.
TerraLab/data/converters/planck.py,python,10785,341,TerraLab.data,runtime,2,0,convert_planck_fits_to_cache;main,,true,false,false,true,false,false,tests/test_milky_way.py,Convert Planck HEALPix opacity data to the TerraLab runtime cache.,active_or_unconfirmed,KEEP,,0.75,No confirmed replacement or deletion evidence. 2 broad exception handlers.
TerraLab/data/copernicus/README.md,documentation,441,12,TerraLab.data,runtime,0,0,,,false,false,false,false,false,false,,TerraLab data runtime.,active_or_unconfirmed,KEEP,,0.75,No confirmed replacement or deletion evidence.
TerraLab/data/copernicus/__init__.py,python,2886,115,TerraLab.data,runtime,10,0,,,true,false,false,false,false,false,tests/architecture/test_boundaries.py;tests/terrain/test_elevation_query.py;tests/terrain/test_vectorized_raycast.py;tests/test_assets_manager_data_sources.py;tests/test_astro_rendering.py;tests/test_bake_process_atomic_save.py;tests/test_copernicus_asset_integration.py;tests/test_copernicus_orthophoto.py;tests/test_copernicus_orthophoto_dialog.py;tests/test_data_layers_ui_contract.py;tests/test_geospatial_providers.py;tests/test_horizon_baker_coverage.py;tests/test_horizon_worker_bortle.py;tests/test_light_pollution_modes.py;tests/test_light_pollution_sampler_crs.py;tests/test_offscreen_functional_regressions.py;tests/test_process_canvas_interactions.py;tests/test_s2glc_download.py;tests/test_scope_ui_manager.py;tests/test_search_engine.py;tests/test_surface_mode_switch.py;tests/test_terrain_representation.py;tests/test_worker_data_sources.py,Canonical Copernicus HRIM download API.,active_or_unconfirmed,REVIEW_PUBLIC_API,,0.85,Package public surface must be verified before changes.
TerraLab/data/copernicus/client.py,python,16427,434,TerraLab.data,runtime,0,2,ArcGISImageServerClient;estimate_nodata_fraction,,true,false,true,true,false,false,tests/test_copernicus_orthophoto.py;tests/test_offscreen_functional_regressions.py,ArcGIS ImageServer transport for Copernicus raster fragments.,active_or_unconfirmed,KEEP,,0.75,No confirmed replacement or deletion evidence. 4 broad exception handlers.
TerraLab/data/copernicus/constants.py,python,2241,60,TerraLab.data,runtime,0,0,,,false,false,true,false,false,false,tests/architecture/test_boundaries.py,Copernicus HRIM service identity and pipeline constants.,active_or_unconfirmed,KEEP,,0.75,No confirmed replacement or deletion evidence.
TerraLab/data/copernicus/manager.py,python,15485,424,TerraLab.data,runtime,0,1,CopernicusOrthophotoManager;DownloadResult,,true,false,false,true,true,false,tests/test_assets_manager_data_sources.py;tests/test_copernicus_asset_integration.py;tests/test_copernicus_orthophoto.py;tests/test_onboarding_dem_autolocation.py;tests/test_onboarding_first_run.py;tests/test_s2glc_download.py;tests/test_scope_ui_manager.py,"Application service coordinating Copernicus preflight, resume, and mosaic.",active_or_unconfirmed,KEEP,,0.75,No confirmed replacement or deletion evidence. 3 broad exception handlers.
TerraLab/data/copernicus/manifest.py,python,11275,322,TerraLab.data,runtime,0,0,DownloadManifest,,false,false,false,true,false,false,tests/architecture/test_mvc_file_roles.py;tests/test_copernicus_asset_integration.py;tests/test_copernicus_orthophoto.py;tests/test_data_library.py;tests/test_gaia_manifest_resolution.py;tests/test_geospatial_providers.py;tests/test_star_data_coordinator.py;tests/test_tile_manifest.py;tests/test_worker_data_sources.py,Atomic resumable-download manifest for one Copernicus plan.,compatibility_risk,REFACTOR_IN_PLACE,,0.72,Contains compatibility/legacy/deprecation markers. 4 broad exception handlers.
TerraLab/data/copernicus/mosaic.py,python,12727,352,TerraLab.data,runtime,0,1,build_mosaic,,false,false,false,true,false,false,tests/test_assets_manager_data_sources.py;tests/test_copernicus_orthophoto.py;tests/test_data_sources.py;tests/test_light_pollution_typed_chain.py,Radiometric conversion and tiled GeoTIFF mosaic construction.,compatibility_risk,REFACTOR_IN_PLACE,,0.72,Contains compatibility/legacy/deprecation markers. 1 broad exception handlers.
TerraLab/data/copernicus/planning.py,python,20359,593,TerraLab.data,runtime,0,1,BBoxWgs84;CoverageAssessment;DownloadPlan;DownloadRequest;Fragment;ProjectedBounds;RasterGrid;SelectionEstimate;assess_service_coverage;estimate_selection;format_bytes_dual;plan_fragments;service_coverage_fraction;transform_bounds_to_3035,,false,false,false,false,false,false,tests/test_copernicus_orthophoto.py,Pure geographic models and exact EPSG:3035 fragment planning.,active_or_unconfirmed,KEEP,,0.75,No confirmed replacement or deletion evidence.
TerraLab/data/copernicus/validation.py,python,14195,410,TerraLab.data,runtime,0,3,CopernicusDownloadCancelled;CopernicusDownloadError;InsufficientDownloadSpaceError;ManifestMismatchError;NodataEstimate;RasterValidation;U8GlobalStretch;close;read_mosaic_radiometric_metadata;validate_final_geotiff;validate_fragment_partition;validate_fragment_raster,,true,false,false,false,false,false,tests/test_copernicus_orthophoto.py,"Raster signatures, validation, and radiometric metadata.",active_or_unconfirmed,KEEP,,0.75,No confirmed replacement or deletion evidence. 4 broad exception handlers.
TerraLab/data/gaia_downloader.py,python,33713,884,TerraLab.data,runtime,1,2,GaiaTileDownloader;GaiaTileDownloaderConfig,,true,false,true,true,true,false,,Descarregador Gaia per teseles (`tile_manifest.json` + `tile_*.npz`). Aquest mòdul no depèn de UI. Escriu teseles i manifest al disc.,oversized,SPLIT,,0.90,Productive module has 884 lines (>800 target). 14 broad exception handlers.
TerraLab/data/layer_manager.py,python,22507,657,TerraLab.data,runtime,10,3,LayerDescriptor;LayerGroup;LayerId;LayerManager;LayerResource;LayerState;LayerStatus,,false,false,false,false,false,false,tests/test_copernicus_asset_integration.py;tests/test_data_layers_ui_contract.py;tests/test_s2glc_land_cover.py;tests/test_surface_mode_switch.py,Unified layer model shared by onboarding and the runtime UI. Visibility and data availability are intentionally independent: enabling a layer never starts a download and never fails merely because its preferred resource is absent. Renderers,compatibility_risk,REFACTOR_IN_PLACE,,0.72,Contains compatibility/legacy/deprecation markers.
TerraLab/data/light_pollution/C_DVNL 2022.tfw,tfw,99,6,TerraLab.data,runtime,0,0,,,false,false,false,false,false,false,,TerraLab data runtime.,active_or_unconfirmed,KEEP,,0.75,No confirmed replacement or deletion evidence.
TerraLab/data/light_pollution/C_DVNL 2022.tif,binary,38315964,0,TerraLab.data,runtime,0,0,,,false,false,false,false,false,false,,TerraLab data runtime.,active_or_unconfirmed,REVIEW_BINARY,,0.90,Binary/data asset requires consumer and packaging review.
TerraLab/data/light_pollution/C_DVNL 2022.tif.aux.xml,xml,2899,27,TerraLab.data,runtime,0,0,,,false,false,false,false,false,false,,TerraLab data runtime.,active_or_unconfirmed,KEEP,,0.75,No confirmed replacement or deletion evidence.
TerraLab/data/light_pollution/C_DVNL 2022.tif.ovr,ovr,10233767,21865,TerraLab.data,runtime,0,0,,,false,false,false,false,false,false,,TerraLab data runtime.,compatibility_risk,SPLIT,,0.90,Productive module has 21865 lines (>800 target).
TerraLab/data/light_pollution/C_DVNL 2022.tif.xml,xml,8358,1,TerraLab.data,runtime,0,0,,,false,false,true,false,false,false,,TerraLab data runtime.,active_or_unconfirmed,KEEP,,0.75,No confirmed replacement or deletion evidence.
TerraLab/data/ray_precision.py,python,876,31,TerraLab.data,runtime,5,0,normalize_ray_step_deg;ray_count;ray_step_to_slider;slider_to_ray_step,,false,false,false,false,false,false,tests/test_ray_precision.py,Stable data-contract conversions for horizon ray angular precision.,active_or_unconfirmed,KEEP,,0.75,No confirmed replacement or deletion evidence.
TerraLab/data/resumable_download.py,python,24540,653,TerraLab.data,runtime,4,0,DownloadCancelled;DownloadProgress;InsufficientSpaceError;PartialDownload;ResumableDownloader;format_eta;human_bytes;load_partial_metadata;progress_message,,true,false,true,true,false,false,tests/test_s2glc_download.py,Reusable streaming HTTP downloads with durable resume metadata. The data-layer manager owns this service. It has no Qt dependency: GUI workers pass a cooperative cancellation predicate and receive structured progress while all network and f,compatibility_risk,REFACTOR_IN_PLACE,,0.72,Contains compatibility/legacy/deprecation markers.
TerraLab/data/sky/derived/planck_dust_opacity_eq_u16.npz,binary,2863742,0,TerraLab.data,runtime,0,0,,,false,false,false,false,false,false,,TerraLab data runtime.,active_or_unconfirmed,REVIEW_BINARY,,0.90,Binary/data asset requires consumer and packaging review.
TerraLab/data/sky/milkyway_overlay.png,binary,11882157,0,TerraLab.data,runtime,0,0,,,false,false,false,false,false,false,,TerraLab data runtime.,active_or_unconfirmed,REVIEW_BINARY,,0.90,Binary/data asset requires consumer and packaging review.
TerraLab/data/sky/openngc_catalog.csv,csv,1460615,13970,TerraLab.data,runtime,0,0,,,false,false,false,false,false,false,,TerraLab data runtime.,oversized,SPLIT,,0.90,Productive module has 13970 lines (>800 target).
TerraLab/data/source_catalog.py,python,57390,1580,TerraLab.data,runtime,6,3,DataSource;DataSourceRegistry;LayerRole;LayerSelection;LayerSelectionResult;LayerSelectionService;LayerType;SelectionMode;SourceHealthStatus;SurfaceMode;build_source_fingerprint;infer_data_format;stable_source_id,,true,false,false,true,false,false,,"Persistent typed catalogue and deterministic geospatial layer selection. This module owns metadata and user selection only. It deliberately does not open rasters or depend on Rasterio, Qt, terrain workers, or render code. Heavy inspection a",compatibility_risk,SPLIT,,0.90,Productive module has 1580 lines (>800 target). 2 broad exception handlers.
TerraLab/data/star_catalog_store.py,python,13381,353,TerraLab.data,runtime,3,6,HealpixStarCatalogStore;StarBatch;StarCatalogStore;TileStarCatalogStore;create_star_catalog_store,,true,false,false,false,false,false,tests/data/test_gaia_process_pipeline.py,Out-of-core star catalogue contracts and HEALPix/tile backends.,compatibility_risk,REFACTOR_IN_PLACE,,0.72,Contains compatibility/legacy/deprecation markers. 1 broad exception handlers.
TerraLab/data/star_data_coordinator.py,python,39181,976,TerraLab.data,runtime,2,8,StarDataCoordinator,,true,false,false,false,true,true,tests/test_star_data_coordinator.py,Coordinador de dades d'estrelles basat en teseles. No pinta ni toca UI. Orquestra IO de cataleg i emet senyals Qt.,oversized,SPLIT,,0.90,Productive module has 976 lines (>800 target). 8 broad exception handlers.
TerraLab/data/stars/no_gaia_stars.json,configuration,4933,49,TerraLab.data,runtime,0,0,,,false,false,false,false,false,false,,TerraLab data runtime.,active_or_unconfirmed,KEEP,,0.75,No confirmed replacement or deletion evidence.
TerraLab/data/stars_dataset.py,python,28066,872,TerraLab.data,runtime,2,2,ensure_stars_dataset;get_runtime_catalog_source_info;load_stars_dataset;log_startup_catalog_loaded,,true,false,false,true,false,false,,Runtime stars dataset access from the user-selected data library.,compatibility_risk,SPLIT,,0.90,Productive module has 872 lines (>800 target). 17 broad exception handlers.
TerraLab/data/terrain_contracts.py,python,1930,68,TerraLab.data,runtime,3,0,TerrainGeometrySource;TerrainRepresentationMode;normalize_terrain_geometry_source;normalize_terrain_representation_mode,,false,false,false,false,false,false,,Stable terrain representation and geometry-source data contracts. These values cross the UI/service boundary and are persisted in ``HorizonProfile`` files. Keep their string values stable.,compatibility_risk,REFACTOR_IN_PLACE,,0.72,Contains compatibility/legacy/deprecation markers.
TerraLab/data/tile_manifest.py,python,10207,288,TerraLab.data,runtime,5,0,TileEntry;TileManifest;build_tile_identifier,,true,false,false,false,false,false,tests/test_gaia_manifest_resolution.py;tests/test_star_data_coordinator.py;tests/test_tile_manifest.py,Lector del manifest de teseles Gaia. Aquest modul defineix el contracte comu entre descarrega i carrega de teseles. No fa IO de render ni cap logica de UI.,active_or_unconfirmed,KEEP,,0.75,No confirmed replacement or deletion evidence. 1 broad exception handlers.
TerraLab/data/translations.json,configuration,42777,1276,TerraLab.data,runtime,0,0,,,false,false,false,false,false,false,,TerraLab data runtime.,oversized,SPLIT,,0.90,Productive module has 1276 lines (>800 target).
TerraLab/data/visibility_range.py,python,3280,84,TerraLab.data,runtime,4,0,TerrainRangeSettings;TerrainVisibilityRange;horizon_distance_m;resolve_visibility_range,,false,false,false,false,false,false,tests/test_morell_puig_den_cama.py;tests/test_terrain_visibility_range.py,Data contracts and pure resolution logic for visibility range.,active_or_unconfirmed,KEEP,,0.75,No confirmed replacement or deletion evidence.
TerraLab/debug/README.md,documentation,271,6,TerraLab.debug,runtime,0,0,,,false,false,false,false,false,false,,TerraLab debug runtime.,active_or_unconfirmed,KEEP,,0.75,No confirmed replacement or deletion evidence.
TerraLab/debug/__init__.py,python,0,0,TerraLab.debug,runtime,0,0,,,false,false,false,false,false,false,tests/architecture/test_boundaries.py;tests/terrain/test_elevation_query.py;tests/terrain/test_vectorized_raycast.py;tests/test_assets_manager_data_sources.py;tests/test_astro_rendering.py;tests/test_bake_process_atomic_save.py;tests/test_copernicus_asset_integration.py;tests/test_copernicus_orthophoto.py;tests/test_copernicus_orthophoto_dialog.py;tests/test_data_layers_ui_contract.py;tests/test_geospatial_providers.py;tests/test_horizon_baker_coverage.py;tests/test_horizon_worker_bortle.py;tests/test_light_pollution_modes.py;tests/test_light_pollution_sampler_crs.py;tests/test_offscreen_functional_regressions.py;tests/test_process_canvas_interactions.py;tests/test_s2glc_download.py;tests/test_scope_ui_manager.py;tests/test_search_engine.py;tests/test_surface_mode_switch.py;tests/test_terrain_representation.py;tests/test_worker_data_sources.py,TerraLab debug runtime.,active_or_unconfirmed,REVIEW_PUBLIC_API,,0.85,Package public surface must be verified before changes.
TerraLab/debug/diagnostics.py,python,3414,121,TerraLab.debug,runtime,1,0,Diagnostics;DiagnosticsSnapshot,,false,false,false,false,false,false,tests/test_copernicus_orthophoto.py;tests/test_milky_way.py;tests/test_offscreen_functional_regressions.py;tests/test_terrain_surface_render.py,Lightweight diagnostics for render counters and timings.,active_or_unconfirmed,KEEP,,0.75,No confirmed replacement or deletion evidence.
TerraLab/layers/README.md,documentation,270,7,TerraLab.layers,runtime,0,0,,,false,false,false,false,false,false,,TerraLab layers runtime.,active_or_unconfirmed,KEEP,,0.75,No confirmed replacement or deletion evidence.
TerraLab/layers/__init__.py,python,0,0,TerraLab.layers,runtime,0,0,,,false,false,false,false,false,false,tests/architecture/test_boundaries.py;tests/terrain/test_elevation_query.py;tests/terrain/test_vectorized_raycast.py;tests/test_assets_manager_data_sources.py;tests/test_astro_rendering.py;tests/test_bake_process_atomic_save.py;tests/test_copernicus_asset_integration.py;tests/test_copernicus_orthophoto.py;tests/test_copernicus_orthophoto_dialog.py;tests/test_data_layers_ui_contract.py;tests/test_geospatial_providers.py;tests/test_horizon_baker_coverage.py;tests/test_horizon_worker_bortle.py;tests/test_light_pollution_modes.py;tests/test_light_pollution_sampler_crs.py;tests/test_offscreen_functional_regressions.py;tests/test_process_canvas_interactions.py;tests/test_s2glc_download.py;tests/test_scope_ui_manager.py;tests/test_search_engine.py;tests/test_surface_mode_switch.py;tests/test_terrain_representation.py;tests/test_worker_data_sources.py,TerraLab layers runtime.,active_or_unconfirmed,REVIEW_PUBLIC_API,,0.85,Package public surface must be verified before changes.
TerraLab/layers/village.py,python,46263,1253,TerraLab.layers,runtime,0,0,MinkaHouse;MountainParams;RealMountainProfile;VillageLantern;VillageOverlay;VillageTheme;VillageTree;draw_shoji_window;map_face;obj_projector,,true,false,false,false,false,true,,TerraLab layers runtime.,compatibility_risk,SPLIT,,0.90,Productive module has 1253 lines (>800 target).
TerraLab/light_pollution/README.md,documentation,358,10,TerraLab.light_pollution,runtime,0,0,,,false,false,false,false,false,false,,TerraLab light_pollution runtime.,active_or_unconfirmed,KEEP,,0.75,No confirmed replacement or deletion evidence.
TerraLab/light_pollution/__init__.py,python,0,0,TerraLab.light_pollution,runtime,0,0,,,false,false,false,false,false,false,tests/architecture/test_boundaries.py;tests/light_pollution/test_processing.py;tests/terrain/test_elevation_query.py;tests/terrain/test_vectorized_raycast.py;tests/test_assets_manager_data_sources.py;tests/test_astro_rendering.py;tests/test_bake_process_atomic_save.py;tests/test_copernicus_asset_integration.py;tests/test_copernicus_orthophoto.py;tests/test_copernicus_orthophoto_dialog.py;tests/test_data_layers_ui_contract.py;tests/test_diffuse_noise.py;tests/test_geospatial_providers.py;tests/test_horizon_baker_coverage.py;tests/test_horizon_worker_bortle.py;tests/test_light_pollution_modes.py;tests/test_light_pollution_sampler_crs.py;tests/test_milky_way.py;tests/test_offscreen_functional_regressions.py;tests/test_process_canvas_interactions.py;tests/test_s2glc_download.py;tests/test_scope_ui_manager.py;tests/test_search_engine.py;tests/test_surface_mode_switch.py;tests/test_telescope_runtime.py;tests/test_terrain_representation.py;tests/test_visual_magnitude_engine.py;tests/test_worker_data_sources.py,TerraLab light_pollution runtime.,active_or_unconfirmed,REVIEW_PUBLIC_API,,0.85,Package public surface must be verified before changes.
TerraLab/light_pollution/bortle.py,python,748,36,TerraLab.light_pollution,runtime,1,0,sqm_to_bortle_class,,false,false,false,false,false,false,tests/test_diffuse_noise.py;tests/test_horizon_worker_bortle.py;tests/test_light_pollution_modes.py;tests/test_light_pollution_sampler_spatial.py;tests/test_milky_way.py;tests/test_offscreen_functional_regressions.py;tests/test_recovered_sky_features.py;tests/test_surface_mode_switch.py;tests/test_telescope_runtime.py,bortle.py Mapeja lectures d'SQM a l'escala de cel fosc de Bortle.,active_or_unconfirmed,KEEP,,0.75,No confirmed replacement or deletion evidence.
TerraLab/light_pollution/calibration.py,python,3657,127,TerraLab.light_pollution,runtime,2,0,SQMCalibrationModel,,false,false,false,false,false,false,,calibration.py Conté utilitats per a la calibració empírica entre valors de radiància DVNL agregats i mesures SQM de referència.,active_or_unconfirmed,KEEP,,0.75,No confirmed replacement or deletion evidence.
TerraLab/light_pollution/dvnl_io.py,python,1161,40,TerraLab.light_pollution,runtime,0,0,read_raster_metadata;read_raster_window_filtered,,false,false,false,false,false,false,,dvnl_io.py Provides I/O utilities for DVNL (Defense Meteorological Satellite Program / VIIRS Nighttime Lights) GeoTIFF files.,active_or_unconfirmed,KEEP,,0.75,No confirmed replacement or deletion evidence.
TerraLab/light_pollution/kernels.py,python,2039,78,TerraLab.light_pollution,runtime,1,0,create_gaussian_kernel;create_power_law_kernel,,false,false,false,false,false,false,,kernels.py Implements distance-decay radial kernels for light propagation modeling. Supports Gaussian and Power-law kernels.,active_or_unconfirmed,KEEP,,0.75,No confirmed replacement or deletion evidence.
TerraLab/light_pollution/mlim.py,python,1512,54,TerraLab.light_pollution,runtime,1,0,calculate_mlim;calculate_mlim_from_sqm,,false,false,false,false,false,false,,mlim.py Calculates limiting magnitude given an observer's Bortle class and the altitude angle of the observed object.,active_or_unconfirmed,KEEP,,0.75,No confirmed replacement or deletion evidence.
TerraLab/light_pollution/modes.py,python,2134,74,TerraLab.light_pollution,runtime,20,0,bortle_to_magnitude;clamp_bortle;is_automatic_mode;magnitude_to_bortle;mode_uses_bortle;normalize_light_pollution_mode;resolve_bortle_class,,false,false,false,false,false,false,tests/test_data_layers_ui_contract.py;tests/test_diffuse_noise.py;tests/test_light_pollution_modes.py;tests/test_milky_way.py;tests/test_telescope_runtime.py;tests/test_visual_magnitude_engine.py,Light-pollution mode definitions and shared conversions.,active_or_unconfirmed,KEEP,,0.75,No confirmed replacement or deletion evidence.
TerraLab/light_pollution/processing.py,python,5506,150,TerraLab.light_pollution,runtime,4,1,convolve_dvnl;iter_tile_windows;predict_sqm_raster;preprocess_dvnl,,false,false,false,true,false,false,tests/light_pollution/test_processing.py,Raster processing services for the supported DVNL/SQM commands.,active_or_unconfirmed,KEEP,,0.75,No confirmed replacement or deletion evidence.
TerraLab/render/README.md,documentation,313,8,TerraLab.render,runtime,0,0,,,false,false,false,false,false,false,,TerraLab render runtime.,active_or_unconfirmed,KEEP,,0.75,No confirmed replacement or deletion evidence.
TerraLab/render/__init__.py,python,0,0,TerraLab.render,runtime,0,0,,,false,false,false,false,false,false,tests/architecture/test_boundaries.py;tests/terrain/test_elevation_query.py;tests/terrain/test_vectorized_raycast.py;tests/test_assets_manager_data_sources.py;tests/test_astro_rendering.py;tests/test_bake_process_atomic_save.py;tests/test_copernicus_asset_integration.py;tests/test_copernicus_orthophoto.py;tests/test_copernicus_orthophoto_dialog.py;tests/test_data_layers_ui_contract.py;tests/test_diffuse_coords.py;tests/test_diffuse_noise.py;tests/test_geospatial_providers.py;tests/test_horizon_baker_coverage.py;tests/test_horizon_worker_bortle.py;tests/test_light_pollution_modes.py;tests/test_light_pollution_sampler_crs.py;tests/test_milky_way.py;tests/test_offscreen_functional_regressions.py;tests/test_process_canvas_interactions.py;tests/test_s2glc_download.py;tests/test_scope_ui_manager.py;tests/test_search_engine.py;tests/test_surface_mode_switch.py;tests/test_terrain_representation.py;tests/test_worker_data_sources.py,TerraLab render runtime.,active_or_unconfirmed,REVIEW_PUBLIC_API,,0.85,Package public surface must be verified before changes.
TerraLab/render/grid_renderer.py,python,2028,76,TerraLab.render,runtime,1,0,GridRenderer;draw_celestial_grid,,true,false,false,false,false,true,tests/architecture/test_boundaries.py,Grid renderer layer interface. Current implementation delegates to optional callback for safe migration.,active_or_unconfirmed,KEEP,,0.75,No confirmed replacement or deletion evidence.
TerraLab/render/horizon_renderer.py,python,2213,75,TerraLab.render,runtime,1,0,HorizonRenderer;draw_ground_mask,,true,false,false,false,false,true,tests/architecture/test_boundaries.py,Horizon renderer layer interface. Current implementation is a no-op placeholder because horizon is still drawn in the legacy AstroCanvas path. Kept for modular migration compatibility.,compatibility_risk,REFACTOR_IN_PLACE,,0.72,Contains compatibility/legacy/deprecation markers.
TerraLab/render/overlays_renderer.py,python,57718,1618,TerraLab.render,runtime,2,3,OverlaysRenderer;draw_compass;draw_light_domes;draw_moon_skyfield;draw_ngc_overlay;draw_planet;draw_satellites;draw_single_city_dome;draw_skyfield_objects;draw_sun_skyfield;get_eclipse_dimming_factor;get_moon_projection;interpolate_col;interpolate_col_loc;ngc_symbol_for_type,,true,false,false,true,false,true,tests/architecture/test_boundaries.py;tests/test_astro_rendering.py,Overlay renderer layer interface. Current implementation delegates to optional callback for safe migration.,oversized,SPLIT,,0.90,Productive module has 1618 lines (>800 target). 16 broad exception handlers.
TerraLab/render/qt/README.md,documentation,223,6,TerraLab.render,runtime,0,0,,,false,false,false,false,false,false,,TerraLab render runtime.,active_or_unconfirmed,KEEP,,0.75,No confirmed replacement or deletion evidence.
TerraLab/render/qt/__init__.py,python,44,1,TerraLab.render,runtime,0,0,,,false,false,false,false,false,false,tests/architecture/test_boundaries.py;tests/terrain/test_elevation_query.py;tests/terrain/test_vectorized_raycast.py;tests/test_assets_manager_data_sources.py;tests/test_astro_rendering.py;tests/test_bake_process_atomic_save.py;tests/test_copernicus_asset_integration.py;tests/test_copernicus_orthophoto.py;tests/test_copernicus_orthophoto_dialog.py;tests/test_data_layers_ui_contract.py;tests/test_geospatial_providers.py;tests/test_horizon_baker_coverage.py;tests/test_horizon_worker_bortle.py;tests/test_light_pollution_modes.py;tests/test_light_pollution_sampler_crs.py;tests/test_milky_way.py;tests/test_offscreen_functional_regressions.py;tests/test_process_canvas_interactions.py;tests/test_s2glc_download.py;tests/test_scope_ui_manager.py;tests/test_search_engine.py;tests/test_surface_mode_switch.py;tests/test_terrain_representation.py;tests/test_worker_data_sources.py,Qt adapters for the pure render core.,active_or_unconfirmed,REVIEW_PUBLIC_API,,0.85,Package public surface must be verified before changes.
TerraLab/render/qt/context.py,python,429,20,TerraLab.render,runtime,3,0,QtRenderContext,,true,false,false,false,false,false,tests/test_ephemeris_coordinator.py;tests/test_light_pollution_sampler_spatial.py;tests/test_milky_way.py;tests/test_offscreen_functional_regressions.py;tests/test_s2glc_download.py;tests/test_terrain_render_pipeline.py;tests/test_terrain_surface_render.py,Qt rendering context passed to painter adapters.,active_or_unconfirmed,KEEP,,0.75,No confirmed replacement or deletion evidence.
TerraLab/render/scope_renderer.py,python,1222,40,TerraLab.render,runtime,1,1,ScopeRenderer,,false,false,false,false,false,false,,Renderer especific per mode telescopi. No fa IO ni accedeix directament al widget.,compatibility_risk,REFACTOR_IN_PLACE,,0.72,Contains compatibility/legacy/deprecation markers.
TerraLab/render/sky/README.md,documentation,298,7,TerraLab.render,runtime,0,0,,,false,false,false,false,false,false,,TerraLab render runtime.,active_or_unconfirmed,KEEP,,0.75,No confirmed replacement or deletion evidence.
TerraLab/render/sky/__init__.py,python,136,5,TerraLab.render,runtime,0,1,,,true,false,false,false,false,false,tests/architecture/test_boundaries.py;tests/terrain/test_elevation_query.py;tests/terrain/test_vectorized_raycast.py;tests/test_assets_manager_data_sources.py;tests/test_astro_rendering.py;tests/test_bake_process_atomic_save.py;tests/test_copernicus_asset_integration.py;tests/test_copernicus_orthophoto.py;tests/test_copernicus_orthophoto_dialog.py;tests/test_data_layers_ui_contract.py;tests/test_diffuse_coords.py;tests/test_diffuse_noise.py;tests/test_geospatial_providers.py;tests/test_horizon_baker_coverage.py;tests/test_horizon_worker_bortle.py;tests/test_light_pollution_modes.py;tests/test_light_pollution_sampler_crs.py;tests/test_milky_way.py;tests/test_offscreen_functional_regressions.py;tests/test_process_canvas_interactions.py;tests/test_s2glc_download.py;tests/test_scope_ui_manager.py;tests/test_search_engine.py;tests/test_surface_mode_switch.py;tests/test_terrain_representation.py;tests/test_worker_data_sources.py,Renderitzadors del cel modulars.,active_or_unconfirmed,REVIEW_PUBLIC_API,,0.85,Package public surface must be verified before changes.
TerraLab/render/sky/milkyway_overlay.py,python,43440,1173,TerraLab.render,runtime,7,5,MilkyWayOverlay,,true,false,false,true,false,true,tests/test_astro_rendering.py;tests/test_diffuse_coords.py;tests/test_diffuse_noise.py;tests/test_milky_way.py,Capa de Via Lactia basada en textura equirectangular RGBA.,oversized,SPLIT,,0.90,Productive module has 1173 lines (>800 target). 6 broad exception handlers.
TerraLab/render/sky_renderer.py,python,11342,350,TerraLab.render,runtime,2,7,SkyRenderer;draw_background;sky_color_phys,,true,false,false,false,false,true,tests/architecture/test_boundaries.py;tests/test_milky_way.py,Sky renderer orchestrator with per-layer timing.,active_or_unconfirmed,KEEP,,0.75,No confirmed replacement or deletion evidence.
TerraLab/render/stars_renderer.py,python,81209,2200,TerraLab.render,runtime,7,6,StarsRenderResult;StarsRenderer;build_scope_spatial_index_payload;draw_analytic_trails;draw_analytic_trails_numpy;draw_scope_solar_disc;get_scope_solar_pattern,,true,false,false,false,false,true,tests/architecture/test_boundaries.py;tests/test_astro_rendering.py;tests/test_offscreen_functional_regressions.py,Photometric stellar renderer with pixel bucketing and PSF.,compatibility_risk,SPLIT,,0.90,Productive module has 2200 lines (>800 target). 24 broad exception handlers.
TerraLab/render/workers/README.md,documentation,290,7,TerraLab.render,runtime,0,0,,,false,false,false,false,false,false,,TerraLab render runtime.,active_or_unconfirmed,KEEP,,0.75,No confirmed replacement or deletion evidence.
TerraLab/render/workers/__init__.py,python,36,1,TerraLab.render,runtime,0,0,,,false,false,false,false,false,false,tests/architecture/test_boundaries.py;tests/terrain/test_elevation_query.py;tests/terrain/test_vectorized_raycast.py;tests/test_assets_manager_data_sources.py;tests/test_astro_rendering.py;tests/test_bake_process_atomic_save.py;tests/test_copernicus_asset_integration.py;tests/test_copernicus_orthophoto.py;tests/test_copernicus_orthophoto_dialog.py;tests/test_data_layers_ui_contract.py;tests/test_geospatial_providers.py;tests/test_horizon_baker_coverage.py;tests/test_horizon_worker_bortle.py;tests/test_light_pollution_modes.py;tests/test_light_pollution_sampler_crs.py;tests/test_offscreen_functional_regressions.py;tests/test_process_canvas_interactions.py;tests/test_s2glc_download.py;tests/test_scope_ui_manager.py;tests/test_search_engine.py;tests/test_surface_mode_switch.py;tests/test_terrain_representation.py;tests/test_worker_data_sources.py,Rendering background workers.,active_or_unconfirmed,REVIEW_PUBLIC_API,,0.85,Package public surface must be verified before changes.
TerraLab/runtime/__init__.py,python,55,1,TerraLab.runtime,runtime,0,0,,,false,false,false,false,false,false,tests/architecture/test_boundaries.py;tests/terrain/test_elevation_query.py;tests/terrain/test_vectorized_raycast.py;tests/test_assets_manager_data_sources.py;tests/test_astro_rendering.py;tests/test_bake_process_atomic_save.py;tests/test_copernicus_asset_integration.py;tests/test_copernicus_orthophoto.py;tests/test_copernicus_orthophoto_dialog.py;tests/test_data_layers_ui_contract.py;tests/test_geospatial_providers.py;tests/test_horizon_baker_coverage.py;tests/test_horizon_worker_bortle.py;tests/test_light_pollution_modes.py;tests/test_light_pollution_sampler_crs.py;tests/test_offscreen_functional_regressions.py;tests/test_process_canvas_interactions.py;tests/test_recovered_sky_features.py;tests/test_runtime_process_isolation.py;tests/test_s2glc_download.py;tests/test_scope_ui_manager.py;tests/test_search_engine.py;tests/test_surface_mode_switch.py;tests/test_terrain_representation.py;tests/test_worker_data_sources.py,Process-isolated runtime used by the desktop UI.,active_or_unconfirmed,REVIEW_PUBLIC_API,,0.85,Package public surface must be verified before changes.
TerraLab/runtime/clients.py,python,20268,621,TerraLab.runtime,runtime,3,3,ProcessCatalogClient;ProcessEphemerisClient;ProcessLatestClient;ProcessTerrainClient;ProcessWeatherSettings,,true,false,false,false,false,true,tests/test_offscreen_functional_regressions.py,Thin UI-side clients for process-owned domain services.,active_or_unconfirmed,KEEP,,0.75,No confirmed replacement or deletion evidence.
TerraLab/runtime/compute_service.py,python,47751,1471,TerraLab.runtime,runtime,1,21,progress;publish;publish_surface_progress;run,,true,true,false,true,true,false,tests/test_offscreen_functional_regressions.py;tests/test_runtime_process_isolation.py,Scientific compute process entry point.,compatibility_risk,SPLIT,,0.90,Productive module has 1471 lines (>800 target). Potential top-level runtime call detected. 4 broad exception handlers.
TerraLab/runtime/frame_pool.py,python,5161,170,TerraLab.runtime,runtime,3,0,AttachedFramePool;FramePoolDescriptor;OwnedFramePool;first_free_slot,,false,false,false,true,false,false,tests/test_runtime_process_isolation.py,Triple-buffered shared images for the render/UI process boundary.,active_or_unconfirmed,KEEP,,0.75,No confirmed replacement or deletion evidence.
TerraLab/runtime/offscreen_renderer.py,python,125447,3469,TerraLab.runtime,runtime,3,21,CatalogCache;NgcCache;OffscreenSceneRenderer;RefractedDiscGeometry;angular_separation_deg;daylight_moon_alpha;draw_domes_callback;ensure_render_font_available;fast_moon_altaz;fast_sun_altaz;solar_disc_transmission;standard_refracted_altitude_deg;standard_refraction_vertical_scale,,true,false,false,true,false,true,tests/test_offscreen_functional_regressions.py;tests/test_recovered_sky_features.py,Canonical QImage renderer used only by the render process.,compatibility_risk,SPLIT,,0.90,Productive module has 3469 lines (>800 target). 2 broad exception handlers.
TerraLab/runtime/protocol.py,python,4009,149,TerraLab.runtime,runtime,10,0,Envelope;ProtocolError;decode;encode;envelope;validate,,false,false,false,false,false,false,tests/test_offscreen_functional_regressions.py;tests/test_runtime_process_isolation.py,"Small, pickle-free protocol shared by TerraLab processes.",active_or_unconfirmed,KEEP,,0.75,No confirmed replacement or deletion evidence.
TerraLab/runtime/render_service.py,python,9725,309,TerraLab.runtime,runtime,0,4,OffscreenService;run,,false,true,false,false,true,true,tests/test_runtime_process_isolation.py,Offscreen render process entry point.,active_or_unconfirmed,KEEP,,0.75,No confirmed replacement or deletion evidence. Potential top-level runtime call detected. 1 broad exception handlers.
TerraLab/runtime/service_io.py,python,1247,47,TerraLab.runtime,runtime,2,1,read_messages;reserve_stdout_for_protocol;write_message;write_stderr,,true,false,false,true,false,false,,Blocking JSONL helpers used only inside worker processes.,active_or_unconfirmed,KEEP,,0.75,No confirmed replacement or deletion evidence.
TerraLab/runtime/supervisor.py,python,12297,359,TerraLab.runtime,runtime,4,1,RuntimeSupervisor,,true,true,false,true,false,true,tests/test_runtime_process_isolation.py,Non-blocking QProcess ownership for TerraLab's isolated services.,active_or_unconfirmed,KEEP,,0.75,No confirmed replacement or deletion evidence. Potential top-level runtime call detected.
TerraLab/scene/README.md,documentation,334,10,TerraLab.scene,runtime,0,0,,,false,false,false,false,false,false,,TerraLab scene runtime.,active_or_unconfirmed,KEEP,,0.75,No confirmed replacement or deletion evidence.
TerraLab/scene/__init__.py,python,0,0,TerraLab.scene,runtime,0,0,,,false,false,false,false,false,false,tests/architecture/test_boundaries.py;tests/architecture/test_import_safety.py;tests/terrain/test_elevation_query.py;tests/terrain/test_vectorized_raycast.py;tests/test_assets_manager_data_sources.py;tests/test_astro_rendering.py;tests/test_bake_process_atomic_save.py;tests/test_copernicus_asset_integration.py;tests/test_copernicus_orthophoto.py;tests/test_copernicus_orthophoto_dialog.py;tests/test_data_layers_ui_contract.py;tests/test_diffuse_coords.py;tests/test_diffuse_noise.py;tests/test_geospatial_providers.py;tests/test_horizon_baker_coverage.py;tests/test_horizon_worker_bortle.py;tests/test_light_pollution_modes.py;tests/test_light_pollution_sampler_crs.py;tests/test_milky_way.py;tests/test_offscreen_functional_regressions.py;tests/test_process_canvas_interactions.py;tests/test_recovered_sky_features.py;tests/test_s2glc_download.py;tests/test_scope_ui_manager.py;tests/test_search_engine.py;tests/test_spherical_math.py;tests/test_surface_mode_switch.py;tests/test_terrain_representation.py;tests/test_worker_data_sources.py,TerraLab scene runtime.,active_or_unconfirmed,REVIEW_PUBLIC_API,,0.85,Package public surface must be verified before changes.
TerraLab/scene/camera.py,python,1590,61,TerraLab.scene,runtime,11,1,Camera,,false,false,false,false,false,false,tests/test_astro_rendering.py;tests/test_diffuse_coords.py;tests/test_diffuse_noise.py;tests/test_milky_way.py;tests/test_offscreen_functional_regressions.py;tests/test_recovered_sky_features.py;tests/test_runtime_process_isolation.py;tests/test_spherical_math.py,Camera state used by scene and render layers.,compatibility_risk,REFACTOR_IN_PLACE,,0.72,Contains compatibility/legacy/deprecation markers.
TerraLab/scene/projection.py,python,5709,216,TerraLab.scene,runtime,7,1,local_sidereal_angle;project_universal_stereo_numpy;project_universal_stereo_point;radec_to_altaz_numpy;unproject_universal_stereo_point,,false,false,false,false,false,false,tests/test_astro_rendering.py;tests/test_diffuse_coords.py;tests/test_s2glc_land_cover.py;tests/test_spherical_math.py;tests/test_terrain_surface_render.py,Projection helpers for sky coordinates and stereographic screen mapping.,active_or_unconfirmed,KEEP,,0.75,No confirmed replacement or deletion evidence. 1 broad exception handlers.
TerraLab/scene/render_state.py,python,4811,169,TerraLab.scene,runtime,6,2,EarthLayerVisibility;RenderState;resolve_earth_layer_visibility,,false,false,false,false,false,false,tests/architecture/test_import_safety.py;tests/test_diffuse_noise.py;tests/test_milky_way.py;tests/test_offscreen_functional_regressions.py;tests/test_recovered_sky_features.py,Canonical immutable snapshot consumed only inside the Render process.,compatibility_risk,REFACTOR_IN_PLACE,,0.72,Contains compatibility/legacy/deprecation markers.
TerraLab/terrain/README.md,documentation,25557,542,TerraLab.terrain,runtime,0,0,,,false,false,true,false,false,false,,TerraLab terrain runtime.,active_or_unconfirmed,KEEP,,0.75,No confirmed replacement or deletion evidence.
TerraLab/terrain/__init__.py,python,28,1,TerraLab.terrain,runtime,6,0,,,false,false,false,false,false,false,tests/architecture/test_boundaries.py;tests/architecture/test_import_safety.py;tests/terrain/test_asc_cache.py;tests/terrain/test_bands.py;tests/terrain/test_elevation_query.py;tests/terrain/test_raster_windows.py;tests/terrain/test_tile_index.py;tests/terrain/test_vectorized_raycast.py;tests/test_adaptive_sampling.py;tests/test_assets_manager_data_sources.py;tests/test_astro_rendering.py;tests/test_bake_process_atomic_save.py;tests/test_copernicus_asset_integration.py;tests/test_copernicus_orthophoto.py;tests/test_copernicus_orthophoto_dialog.py;tests/test_data_layers_ui_contract.py;tests/test_data_sources.py;tests/test_geospatial_providers.py;tests/test_horizon_baker_coverage.py;tests/test_horizon_worker_bortle.py;tests/test_light_pollution_modes.py;tests/test_light_pollution_sampler_crs.py;tests/test_light_pollution_sampler_spatial.py;tests/test_light_pollution_typed_chain.py;tests/test_morell_puig_den_cama.py;tests/test_offscreen_functional_regressions.py;tests/test_onboarding_dem_autolocation.py;tests/test_process_canvas_interactions.py;tests/test_providers.py;tests/test_ray_precision.py;tests/test_s2glc_download.py;tests/test_s2glc_land_cover.py;tests/test_scope_ui_manager.py;tests/test_search_engine.py;tests/test_surface_lod_cache.py;tests/test_surface_mode_switch.py;tests/test_terrain_render_pipeline.py;tests/test_terrain_representation.py;tests/test_terrain_surface_render.py;tests/test_terrain_visibility_range.py;tests/test_tile_cache_load_safety.py;tests/test_worker_data_sources.py,TerraLab terrain runtime.,active_or_unconfirmed,REVIEW_PUBLIC_API,,0.85,Package public surface must be verified before changes.
TerraLab/terrain/asc_cache_builder.py,python,5098,146,TerraLab.terrain,runtime,2,0,main;materialize_asc_caches_spawned;materialize_asc_tile,,false,false,false,true,true,false,tests/terrain/test_asc_cache.py,"Offline, spawn-based materialisation of ESRI ASCII elevation tiles.",compatibility_risk,REFACTOR_IN_PLACE,,0.72,Contains compatibility/legacy/deprecation markers.
TerraLab/terrain/bake_process.py,python,32173,865,TerraLab.terrain,runtime,2,15,build_cli_arguments;main;preview_callback,,true,false,false,true,false,false,tests/terrain/test_vectorized_raycast.py;tests/test_bake_process_atomic_save.py;tests/test_terrain_representation.py,TerraLab terrain runtime.,oversized,SPLIT,,0.90,Productive module has 865 lines (>800 target). 10 broad exception handlers.
TerraLab/terrain/crs.py,python,10801,333,TerraLab.terrain,runtime,29,0,CoordinateFrame;CoordinateTransformService;meridian_convergence_degrees;normalize_crs;transformer_transform,,true,false,false,false,true,false,tests/light_pollution/test_processing.py;tests/terrain/test_raster_windows.py;tests/test_assets_manager_data_sources.py;tests/test_copernicus_asset_integration.py;tests/test_copernicus_orthophoto.py;tests/test_data_sources.py;tests/test_geospatial_providers.py;tests/test_light_pollution_sampler_crs.py;tests/test_light_pollution_sampler_spatial.py;tests/test_light_pollution_typed_chain.py;tests/test_morell_puig_den_cama.py;tests/test_onboarding_dem_autolocation.py;tests/test_s2glc_download.py;tests/test_s2glc_land_cover.py;tests/test_surface_lod_cache.py;tests/test_worker_data_sources.py,"Shared coordinate-reference-system services for terrain data. The current horizon engine still uses ETRS89 / UTM zone 31N as its metric working frame. Providers deliberately receive that frame as an argument, however, so raster implementati",compatibility_risk,REFACTOR_IN_PLACE,,0.72,Contains compatibility/legacy/deprecation markers. 2 broad exception handlers.
TerraLab/terrain/data_sources.py,python,187,4,TerraLab.terrain,runtime,16,1,,,true,false,false,false,false,false,tests/test_assets_manager_data_sources.py;tests/test_copernicus_asset_integration.py;tests/test_data_library.py;tests/test_data_sources.py;tests/test_geospatial_providers.py;tests/test_s2glc_land_cover.py;tests/test_surface_lod_cache.py;tests/test_surface_mode_switch.py;tests/test_worker_data_sources.py,Compatibility exports for the canonical data-source catalogue.,compatibility_risk,REFACTOR_IN_PLACE,,0.72,Contains compatibility/legacy/deprecation markers.
TerraLab/terrain/domain/README.md,documentation,269,7,TerraLab.terrain,runtime,0,0,,,false,false,false,false,false,false,,TerraLab terrain runtime.,active_or_unconfirmed,KEEP,,0.75,No confirmed replacement or deletion evidence.
TerraLab/terrain/domain/__init__.py,python,29,1,TerraLab.terrain,runtime,0,0,,,false,false,false,false,false,false,tests/architecture/test_boundaries.py;tests/architecture/test_import_safety.py;tests/terrain/test_bands.py;tests/terrain/test_elevation_query.py;tests/terrain/test_vectorized_raycast.py;tests/test_assets_manager_data_sources.py;tests/test_astro_rendering.py;tests/test_bake_process_atomic_save.py;tests/test_copernicus_asset_integration.py;tests/test_copernicus_orthophoto.py;tests/test_copernicus_orthophoto_dialog.py;tests/test_data_layers_ui_contract.py;tests/test_geospatial_providers.py;tests/test_horizon_baker_coverage.py;tests/test_horizon_worker_bortle.py;tests/test_light_pollution_modes.py;tests/test_light_pollution_sampler_crs.py;tests/test_morell_puig_den_cama.py;tests/test_offscreen_functional_regressions.py;tests/test_process_canvas_interactions.py;tests/test_s2glc_download.py;tests/test_scope_ui_manager.py;tests/test_search_engine.py;tests/test_surface_mode_switch.py;tests/test_terrain_representation.py;tests/test_terrain_visibility_range.py;tests/test_worker_data_sources.py,Terrain domain models.,active_or_unconfirmed,REVIEW_PUBLIC_API,,0.85,Package public surface must be verified before changes.
TerraLab/terrain/domain/bands.py,python,4418,115,TerraLab.terrain,runtime,7,0,format_band_distance;generate_bands,,false,false,false,false,false,false,tests/terrain/test_bands.py;tests/test_adaptive_sampling.py;tests/test_astro_rendering.py;tests/test_bake_process_atomic_save.py;tests/test_geospatial_providers.py;tests/test_horizon_baker_coverage.py;tests/test_recovered_sky_features.py;tests/test_runtime_process_isolation.py;tests/test_s2glc_land_cover.py;tests/test_surface_lod_cache.py;tests/test_terrain_representation.py;tests/test_terrain_surface_render.py;tests/test_terrain_visibility_range.py;tests/test_worker_data_sources.py,Terrain distance-band generation and naming.,active_or_unconfirmed,KEEP,,0.75,No confirmed replacement or deletion evidence.
TerraLab/terrain/domain/curvature.py,python,1228,43,TerraLab.terrain,runtime,3,0,apparent_elevation_degrees;apparent_elevation_radians,,false,false,false,false,false,false,tests/test_morell_puig_den_cama.py,Earth-curvature and refraction corrections.,active_or_unconfirmed,KEEP,,0.75,No confirmed replacement or deletion evidence.
TerraLab/terrain/domain/profile.py,python,8143,208,TerraLab.terrain,runtime,10,3,HorizonProfile;build_flat_horizon_profile;limit_profile_radius,,true,false,false,false,false,false,tests/architecture/test_import_safety.py;tests/test_astro_rendering.py;tests/test_bake_process_atomic_save.py;tests/test_geospatial_providers.py;tests/test_offscreen_functional_regressions.py;tests/test_recovered_sky_features.py;tests/test_s2glc_land_cover.py;tests/test_surface_lod_cache.py;tests/test_surface_mode_switch.py;tests/test_terrain_representation.py;tests/test_terrain_surface_render.py;tests/test_terrain_visibility_range.py;tests/test_worker_data_sources.py,Terrain horizon profile domain model and invariants.,compatibility_risk,REFACTOR_IN_PLACE,,0.72,Contains compatibility/legacy/deprecation markers.
TerraLab/terrain/infrastructure/README.md,documentation,287,7,TerraLab.terrain,runtime,0,0,,,false,false,false,false,false,false,,TerraLab terrain runtime.,active_or_unconfirmed,KEEP,,0.75,No confirmed replacement or deletion evidence.
TerraLab/terrain/infrastructure/__init__.py,python,39,1,TerraLab.terrain,runtime,0,0,,,false,false,false,false,false,false,tests/architecture/test_boundaries.py;tests/terrain/test_elevation_query.py;tests/terrain/test_tile_index.py;tests/terrain/test_vectorized_raycast.py;tests/test_assets_manager_data_sources.py;tests/test_astro_rendering.py;tests/test_bake_process_atomic_save.py;tests/test_copernicus_asset_integration.py;tests/test_copernicus_orthophoto.py;tests/test_copernicus_orthophoto_dialog.py;tests/test_data_layers_ui_contract.py;tests/test_geospatial_providers.py;tests/test_horizon_baker_coverage.py;tests/test_horizon_worker_bortle.py;tests/test_light_pollution_modes.py;tests/test_light_pollution_sampler_crs.py;tests/test_offscreen_functional_regressions.py;tests/test_process_canvas_interactions.py;tests/test_s2glc_download.py;tests/test_scope_ui_manager.py;tests/test_search_engine.py;tests/test_surface_mode_switch.py;tests/test_terrain_representation.py;tests/test_tile_cache_load_safety.py;tests/test_worker_data_sources.py,Terrain infrastructure adapters.,active_or_unconfirmed,REVIEW_PUBLIC_API,,0.85,Package public surface must be verified before changes.
TerraLab/terrain/infrastructure/dem_tiles.py,python,26730,723,TerraLab.terrain,runtime,6,3,DemSampler;TileCache;TileIndex,,false,false,false,true,false,false,tests/terrain/test_tile_index.py;tests/test_tile_cache_load_safety.py,"DEM tile indexing, loading, and sampling infrastructure.",compatibility_risk,REFACTOR_IN_PLACE,,0.72,Contains compatibility/legacy/deprecation markers. 7 broad exception handlers.
TerraLab/terrain/land_cover/README.md,documentation,251,7,TerraLab.terrain,runtime,0,0,,,false,false,false,false,false,false,,TerraLab terrain runtime.,active_or_unconfirmed,KEEP,,0.75,No confirmed replacement or deletion evidence.
TerraLab/terrain/land_cover/__init__.py,python,314,15,TerraLab.terrain,runtime,0,1,,,true,false,false,false,false,false,tests/architecture/test_boundaries.py;tests/terrain/test_elevation_query.py;tests/terrain/test_vectorized_raycast.py;tests/test_assets_manager_data_sources.py;tests/test_astro_rendering.py;tests/test_bake_process_atomic_save.py;tests/test_copernicus_asset_integration.py;tests/test_copernicus_orthophoto.py;tests/test_copernicus_orthophoto_dialog.py;tests/test_data_layers_ui_contract.py;tests/test_geospatial_providers.py;tests/test_horizon_baker_coverage.py;tests/test_horizon_worker_bortle.py;tests/test_light_pollution_modes.py;tests/test_light_pollution_sampler_crs.py;tests/test_offscreen_functional_regressions.py;tests/test_process_canvas_interactions.py;tests/test_s2glc_download.py;tests/test_s2glc_land_cover.py;tests/test_scope_ui_manager.py;tests/test_search_engine.py;tests/test_surface_mode_switch.py;tests/test_terrain_representation.py;tests/test_worker_data_sources.py,Semantic land-cover registries and rendering helpers.,active_or_unconfirmed,REVIEW_PUBLIC_API,,0.85,Package public surface must be verified before changes.
TerraLab/terrain/land_cover/legends/README.md,documentation,282,7,TerraLab.terrain,runtime,0,0,,,false,false,false,false,false,false,,TerraLab terrain runtime.,active_or_unconfirmed,KEEP,,0.75,No confirmed replacement or deletion evidence.
TerraLab/terrain/land_cover/legends/__init__.py,python,462,21,TerraLab.terrain,runtime,0,2,,,true,false,false,false,false,false,tests/architecture/test_boundaries.py;tests/terrain/test_elevation_query.py;tests/terrain/test_vectorized_raycast.py;tests/test_assets_manager_data_sources.py;tests/test_astro_rendering.py;tests/test_bake_process_atomic_save.py;tests/test_copernicus_asset_integration.py;tests/test_copernicus_orthophoto.py;tests/test_copernicus_orthophoto_dialog.py;tests/test_data_layers_ui_contract.py;tests/test_geospatial_providers.py;tests/test_horizon_baker_coverage.py;tests/test_horizon_worker_bortle.py;tests/test_light_pollution_modes.py;tests/test_light_pollution_sampler_crs.py;tests/test_offscreen_functional_regressions.py;tests/test_process_canvas_interactions.py;tests/test_s2glc_download.py;tests/test_s2glc_land_cover.py;tests/test_scope_ui_manager.py;tests/test_search_engine.py;tests/test_surface_mode_switch.py;tests/test_terrain_representation.py;tests/test_worker_data_sources.py,"Built-in, versioned land-cover legends.",active_or_unconfirmed,REVIEW_PUBLIC_API,,0.85,Package public surface must be verified before changes.
TerraLab/terrain/land_cover/legends/category_info.py,python,4078,94,TerraLab.terrain,runtime,4,1,LandCoverCategoryInfo;category_info,,true,false,false,true,false,false,tests/test_s2glc_land_cover.py,Localized semantic information for categorical land-cover values.,active_or_unconfirmed,KEEP,,0.75,No confirmed replacement or deletion evidence.
TerraLab/terrain/land_cover/legends/s2glc.py,python,6907,160,TerraLab.terrain,runtime,6,0,LandCoverStyle;get_s2glc_style;s2glc_classes_to_rgba,,true,false,false,false,false,false,tests/test_data_sources.py;tests/test_s2glc_download.py;tests/test_s2glc_land_cover.py;tests/test_surface_lod_cache.py;tests/test_worker_data_sources.py,"Official S2GLC Europe 2017 semantic legend. The codes, English names and base RGB values below come from ``S2GLC_Europe_2017_v1.2_legend_and_version_info.txt`` embedded in the official categorical ZIP published by CBK PAN. They are delibera",active_or_unconfirmed,KEEP,,0.75,No confirmed replacement or deletion evidence.
TerraLab/terrain/land_cover/visual_styles.py,python,2907,107,TerraLab.terrain,runtime,3,1,preserve_small_region;vibrant_land_cover_rgba,,true,false,false,true,false,false,tests/test_s2glc_land_cover.py,Alternative presentation palettes for semantic land-cover products. The source class identifiers and official colours remain immutable. These tables are only consulted by the renderer when the user selects Vibrant.,active_or_unconfirmed,KEEP,,0.75,No confirmed replacement or deletion evidence.
TerraLab/terrain/light_pollution_query.py,python,1735,67,TerraLab.terrain,runtime,0,1,estimate_light_pollution;main,,false,false,false,false,false,false,tests/test_horizon_worker_bortle.py,TerraLab terrain runtime.,active_or_unconfirmed,KEEP,,0.75,No confirmed replacement or deletion evidence. 1 broad exception handlers.
TerraLab/terrain/light_pollution_sampler.py,python,43579,1127,TerraLab.terrain,runtime,8,5,LightPollutionSampler;LightPollutionSamplerChain;create_light_pollution_sampler;snapshot_light_pollution_sources,,true,false,false,false,false,false,tests/test_light_pollution_sampler_crs.py;tests/test_light_pollution_sampler_spatial.py;tests/test_light_pollution_typed_chain.py;tests/test_terrain_representation.py,light_pollution_sampler.py Sampler for nighttime-lights rasters (DVNL-like products). Coordinate contract: - User input coordinates are always geographic lat/lon in EPSG:4326. - Terrain/horizon internal coordinates are EPSG:25831 meters. - ,oversized,SPLIT,,0.90,Productive module has 1127 lines (>800 target). 10 broad exception handlers.
TerraLab/terrain/mesh/README.md,documentation,228,6,TerraLab.terrain,runtime,0,0,,,false,false,false,false,false,false,,TerraLab terrain runtime.,active_or_unconfirmed,KEEP,,0.75,No confirmed replacement or deletion evidence.
TerraLab/terrain/mesh/__init__.py,python,31,1,TerraLab.terrain,runtime,0,0,,,false,false,false,false,false,false,tests/architecture/test_boundaries.py;tests/terrain/test_elevation_query.py;tests/terrain/test_vectorized_raycast.py;tests/test_assets_manager_data_sources.py;tests/test_astro_rendering.py;tests/test_bake_process_atomic_save.py;tests/test_copernicus_asset_integration.py;tests/test_copernicus_orthophoto.py;tests/test_copernicus_orthophoto_dialog.py;tests/test_data_layers_ui_contract.py;tests/test_geospatial_providers.py;tests/test_horizon_baker_coverage.py;tests/test_horizon_worker_bortle.py;tests/test_light_pollution_modes.py;tests/test_light_pollution_sampler_crs.py;tests/test_offscreen_functional_regressions.py;tests/test_process_canvas_interactions.py;tests/test_s2glc_download.py;tests/test_scope_ui_manager.py;tests/test_search_engine.py;tests/test_surface_mode_switch.py;tests/test_terrain_render_pipeline.py;tests/test_terrain_representation.py;tests/test_worker_data_sources.py,Terrain mesh algorithms.,active_or_unconfirmed,REVIEW_PUBLIC_API,,0.85,Package public surface must be verified before changes.
TerraLab/terrain/mesh/elevation_field.py,python,1348,37,TerraLab.terrain,runtime,1,0,PolarElevationField,,false,false,false,false,false,false,,Immutable polar elevation field used by terrain raycasting.,active_or_unconfirmed,KEEP,,0.75,No confirmed replacement or deletion evidence.
TerraLab/terrain/mesh/normals.py,python,3915,121,TerraLab.terrain,runtime,4,0,compute_polar_mesh_normals,,false,false,false,false,false,false,tests/test_astro_rendering.py;tests/test_terrain_render_pipeline.py;tests/test_terrain_surface_render.py,Vectorized normal generation for polar terrain meshes.,active_or_unconfirmed,KEEP,,0.75,No confirmed replacement or deletion evidence.
TerraLab/terrain/overlay.py,python,1006,36,TerraLab.terrain,runtime,4,1,HorizonOverlay,,false,false,false,false,false,true,tests/test_astro_rendering.py;tests/test_diffuse_noise.py;tests/test_milky_way.py;tests/test_terrain_surface_render.py,Qt terrain overlay controller composed from focused responsibilities.,active_or_unconfirmed,KEEP,,0.75,No confirmed replacement or deletion evidence.
TerraLab/terrain/overlay_mixins/README.md,documentation,338,8,TerraLab.terrain,runtime,0,0,,,false,false,false,false,false,false,,TerraLab terrain runtime.,active_or_unconfirmed,KEEP,,0.75,No confirmed replacement or deletion evidence.
TerraLab/terrain/overlay_mixins/__init__.py,python,1020,27,TerraLab.terrain,runtime,1,0,,,true,false,false,false,false,false,tests/architecture/test_boundaries.py;tests/terrain/test_elevation_query.py;tests/terrain/test_vectorized_raycast.py;tests/test_assets_manager_data_sources.py;tests/test_astro_rendering.py;tests/test_bake_process_atomic_save.py;tests/test_copernicus_asset_integration.py;tests/test_copernicus_orthophoto.py;tests/test_copernicus_orthophoto_dialog.py;tests/test_data_layers_ui_contract.py;tests/test_geospatial_providers.py;tests/test_horizon_baker_coverage.py;tests/test_horizon_worker_bortle.py;tests/test_light_pollution_modes.py;tests/test_light_pollution_sampler_crs.py;tests/test_offscreen_functional_regressions.py;tests/test_process_canvas_interactions.py;tests/test_s2glc_download.py;tests/test_scope_ui_manager.py;tests/test_search_engine.py;tests/test_surface_mode_switch.py;tests/test_terrain_representation.py;tests/test_worker_data_sources.py,Focused terrain overlay controller mixins.,active_or_unconfirmed,REVIEW_PUBLIC_API,,0.85,Package public surface must be verified before changes.
TerraLab/terrain/overlay_mixins/band_draw.py,python,21209,593,TerraLab.terrain,runtime,0,5,OverlayBandDrawMixin,,true,false,false,false,false,true,,Profile-band geometry and non-relief surface drawing.,active_or_unconfirmed,KEEP,,0.75,No confirmed replacement or deletion evidence. 1 broad exception handlers.
TerraLab/terrain/overlay_mixins/category_hit_test.py,python,18800,479,TerraLab.terrain,runtime,0,3,OverlayCategoryHitTestMixin,,true,false,false,false,false,true,,Surface-category hit testing and cached profile polygons.,active_or_unconfirmed,KEEP,,0.75,No confirmed replacement or deletion evidence.
TerraLab/terrain/overlay_mixins/draw_dispatch.py,python,23729,630,TerraLab.terrain,runtime,0,6,OverlayDrawDispatchMixin,,true,false,false,false,false,true,,Top-level terrain draw dispatch and frame mode selection.,compatibility_risk,REFACTOR_IN_PLACE,,0.72,Contains compatibility/legacy/deprecation markers. 2 broad exception handlers.
TerraLab/terrain/overlay_mixins/fallback.py,python,17216,488,TerraLab.terrain,runtime,0,5,OverlayFallbackMixin,,true,false,false,false,false,true,tests/terrain/test_tile_index.py;tests/test_config.py;tests/test_copernicus_orthophoto.py;tests/test_data_layers_ui_contract.py;tests/test_data_sources.py;tests/test_geospatial_providers.py;tests/test_light_pollution_typed_chain.py;tests/test_terrain_representation.py,Procedural fallback ground and vectorized ridge fills.,compatibility_risk,REFACTOR_IN_PLACE,,0.72,Contains compatibility/legacy/deprecation markers.
TerraLab/terrain/overlay_mixins/interpolated_material.py,python,19066,519,TerraLab.terrain,runtime,0,8,OverlayInterpolatedMaterialMixin,,false,false,false,false,false,true,,Screen-space interpolation of terrain materials.,active_or_unconfirmed,KEEP,,0.75,No confirmed replacement or deletion evidence.
TerraLab/terrain/overlay_mixins/light_context.py,python,21927,557,TerraLab.terrain,runtime,0,5,OverlayLightContextMixin,,true,false,false,false,false,false,tests/test_terrain_surface_render.py,Celestial light context and immutable render-asset preparation.,compatibility_risk,REFACTOR_IN_PLACE,,0.72,Contains compatibility/legacy/deprecation markers. 1 broad exception handlers.
TerraLab/terrain/overlay_mixins/lighting_cache.py,python,22140,561,TerraLab.terrain,runtime,0,5,OverlayLightingCacheMixin,,true,false,false,false,false,false,,Terrain lighting grids and byte-bounded material caches.,compatibility_risk,REFACTOR_IN_PLACE,,0.72,Contains compatibility/legacy/deprecation markers.
TerraLab/terrain/overlay_mixins/materials.py,python,22894,649,TerraLab.terrain,runtime,0,7,OverlayMaterialBuildMixin,,false,false,false,false,false,true,tests/test_geospatial_providers.py;tests/test_terrain_render_pipeline.py;tests/test_terrain_surface_render.py,"Terrain base materials, atmospheric composition, and brushes.",compatibility_risk,REFACTOR_IN_PLACE,,0.72,Contains compatibility/legacy/deprecation markers.
TerraLab/terrain/overlay_mixins/profile_cache.py,python,24311,633,TerraLab.terrain,runtime,0,8,OverlayProfileCacheMixin,,true,false,false,false,false,true,,"Overlay lifecycle, profile ownership, and category cache access.",compatibility_risk,REFACTOR_IN_PLACE,,0.72,Contains compatibility/legacy/deprecation markers. 2 broad exception handlers.
TerraLab/terrain/overlay_mixins/projection_geometry.py,python,25093,623,TerraLab.terrain,runtime,0,5,OverlayProjectionGeometryMixin,,true,false,false,false,false,true,,Projected relief geometry and visible-triangle construction.,active_or_unconfirmed,KEEP,,0.75,No confirmed replacement or deletion evidence.
TerraLab/terrain/overlay_mixins/triangle_paint.py,python,26519,656,TerraLab.terrain,runtime,0,7,OverlayTrianglePaintMixin,,false,false,false,false,false,true,,Z-buffered triangle painting and reusable polygon geometry.,active_or_unconfirmed,KEEP,,0.75,No confirmed replacement or deletion evidence.
TerraLab/terrain/persistence/README.md,documentation,279,7,TerraLab.terrain,runtime,0,0,,,false,false,false,false,false,false,,TerraLab terrain runtime.,active_or_unconfirmed,KEEP,,0.75,No confirmed replacement or deletion evidence.
TerraLab/terrain/persistence/__init__.py,python,36,1,TerraLab.terrain,runtime,0,0,,,false,false,false,false,false,false,tests/architecture/test_boundaries.py;tests/terrain/test_elevation_query.py;tests/terrain/test_vectorized_raycast.py;tests/test_assets_manager_data_sources.py;tests/test_astro_rendering.py;tests/test_bake_process_atomic_save.py;tests/test_copernicus_asset_integration.py;tests/test_copernicus_orthophoto.py;tests/test_copernicus_orthophoto_dialog.py;tests/test_data_layers_ui_contract.py;tests/test_geospatial_providers.py;tests/test_horizon_baker_coverage.py;tests/test_horizon_worker_bortle.py;tests/test_light_pollution_modes.py;tests/test_light_pollution_sampler_crs.py;tests/test_offscreen_functional_regressions.py;tests/test_process_canvas_interactions.py;tests/test_s2glc_download.py;tests/test_scope_ui_manager.py;tests/test_search_engine.py;tests/test_surface_mode_switch.py;tests/test_terrain_representation.py;tests/test_terrain_visibility_range.py;tests/test_worker_data_sources.py,Terrain persistence adapters.,active_or_unconfirmed,REVIEW_PUBLIC_API,,0.85,Package public surface must be verified before changes.
TerraLab/terrain/persistence/profile_npz.py,python,11900,318,TerraLab.terrain,runtime,8,3,load_profile;save_profile,,false,false,false,false,false,false,tests/test_astro_rendering.py;tests/test_terrain_representation.py;tests/test_terrain_visibility_range.py,Pickle-free NPZ persistence for terrain horizon profiles.,active_or_unconfirmed,KEEP,,0.75,No confirmed replacement or deletion evidence.
TerraLab/terrain/providers/README.md,documentation,428,11,TerraLab.terrain,runtime,0,0,,,false,false,false,false,false,false,,TerraLab terrain runtime.,active_or_unconfirmed,KEEP,,0.75,No confirmed replacement or deletion evidence.
TerraLab/terrain/providers/__init__.py,python,1031,41,TerraLab.terrain,runtime,22,1,,,true,false,false,false,false,false,tests/architecture/test_boundaries.py;tests/terrain/test_elevation_query.py;tests/terrain/test_raster_windows.py;tests/terrain/test_tile_index.py;tests/terrain/test_vectorized_raycast.py;tests/test_assets_manager_data_sources.py;tests/test_astro_rendering.py;tests/test_bake_process_atomic_save.py;tests/test_copernicus_asset_integration.py;tests/test_copernicus_orthophoto.py;tests/test_copernicus_orthophoto_dialog.py;tests/test_data_layers_ui_contract.py;tests/test_geospatial_providers.py;tests/test_horizon_baker_coverage.py;tests/test_horizon_worker_bortle.py;tests/test_light_pollution_modes.py;tests/test_light_pollution_sampler_crs.py;tests/test_morell_puig_den_cama.py;tests/test_offscreen_functional_regressions.py;tests/test_onboarding_dem_autolocation.py;tests/test_process_canvas_interactions.py;tests/test_providers.py;tests/test_s2glc_download.py;tests/test_s2glc_land_cover.py;tests/test_scope_ui_manager.py;tests/test_search_engine.py;tests/test_surface_mode_switch.py;tests/test_terrain_representation.py;tests/test_worker_data_sources.py,Stable terrain elevation provider API.,active_or_unconfirmed,REVIEW_PUBLIC_API,,0.85,Package public surface must be verified before changes.
TerraLab/terrain/providers/asc_provider.py,python,13963,350,TerraLab.terrain,runtime,1,6,AscRasterProvider,,true,false,false,false,true,false,,ASC and NPY-backed terrain elevation provider.,compatibility_risk,REFACTOR_IN_PLACE,,0.72,Contains compatibility/legacy/deprecation markers. 2 broad exception handlers.
TerraLab/terrain/providers/chain.py,python,6540,176,TerraLab.terrain,runtime,0,5,ElevationProviderChain;create_elevation_provider;create_raster_provider,,true,false,false,false,false,false,tests/test_data_sources.py;tests/test_surface_lod_cache.py,Elevation provider chain and construction factory.,active_or_unconfirmed,KEEP,,0.75,No confirmed replacement or deletion evidence.
TerraLab/terrain/providers/common.py,python,10487,312,TerraLab.terrain,runtime,6,3,ElevationBatch;RasterMetadata;RasterProvider;RasterSamplingCancelled;resolve_primary_dem_tiff_path,,true,false,false,true,false,false,tests/architecture/test_boundaries.py;tests/architecture/test_import_safety.py;tests/common/test_cache.py;tests/common/test_cancellation.py;tests/common/test_exception_reporting.py;tests/common/test_performance_budget.py;tests/data/test_gaia_process_pipeline.py;tests/test_assets_manager_data_sources.py;tests/test_config.py;tests/test_copernicus_asset_integration.py;tests/test_data_library.py;tests/test_data_sources.py;tests/test_deprecated_registry.py;tests/test_design_system.py;tests/test_morell_puig_den_cama.py;tests/test_onboarding_dem_autolocation.py;tests/test_s2glc_download.py;tests/test_s2glc_land_cover.py;tests/test_surface_lod_cache.py;tests/test_terrain_surface_render.py,"Terrain raster provider contracts, metadata, and source helpers.",compatibility_risk,REFACTOR_IN_PLACE,,0.72,Contains compatibility/legacy/deprecation markers. 3 broad exception handlers.
TerraLab/terrain/providers/geotiff_provider.py,python,18006,502,TerraLab.terrain,runtime,1,5,GeoTiffElevationProvider;LegacyTiffRasterWindowProvider;TiffRasterWindowProvider,,true,false,false,false,false,false,,GeoTIFF terrain elevation providers.,compatibility_risk,REFACTOR_IN_PLACE,,0.72,Contains compatibility/legacy/deprecation markers. 3 broad exception handlers.
TerraLab/terrain/providers/raster_dataset.py,python,44637,1010,TerraLab.terrain,runtime,2,5,,,true,false,false,true,true,false,,Bounded raster dataset access and coordinate sampling.,compatibility_risk,SPLIT,,0.90,Productive module has 1010 lines (>800 target). 5 broad exception handlers.
TerraLab/terrain/ray_precision.py,python,119,3,TerraLab.terrain,runtime,5,1,,,false,false,false,false,false,false,tests/test_ray_precision.py,Compatibility exports for ray-precision data contracts.,compatibility_risk,REFACTOR_IN_PLACE,,0.72,Contains compatibility/legacy/deprecation markers.
TerraLab/terrain/raycast/README.md,documentation,263,7,TerraLab.terrain,runtime,0,0,,,false,false,false,false,false,false,,TerraLab terrain runtime.,active_or_unconfirmed,KEEP,,0.75,No confirmed replacement or deletion evidence.
TerraLab/terrain/raycast/__init__.py,python,47,1,TerraLab.terrain,runtime,0,0,,,false,false,false,false,false,false,tests/architecture/test_boundaries.py;tests/terrain/test_elevation_query.py;tests/terrain/test_vectorized_raycast.py;tests/test_adaptive_sampling.py;tests/test_assets_manager_data_sources.py;tests/test_astro_rendering.py;tests/test_bake_process_atomic_save.py;tests/test_copernicus_asset_integration.py;tests/test_copernicus_orthophoto.py;tests/test_copernicus_orthophoto_dialog.py;tests/test_data_layers_ui_contract.py;tests/test_geospatial_providers.py;tests/test_horizon_baker_coverage.py;tests/test_horizon_worker_bortle.py;tests/test_light_pollution_modes.py;tests/test_light_pollution_sampler_crs.py;tests/test_offscreen_functional_regressions.py;tests/test_process_canvas_interactions.py;tests/test_s2glc_download.py;tests/test_scope_ui_manager.py;tests/test_search_engine.py;tests/test_surface_mode_switch.py;tests/test_terrain_representation.py;tests/test_terrain_visibility_range.py;tests/test_worker_data_sources.py,Terrain raycasting application services.,active_or_unconfirmed,REVIEW_PUBLIC_API,,0.85,Package public surface must be verified before changes.
TerraLab/terrain/raycast/baker.py,python,77577,1911,TerraLab.terrain,runtime,7,16,HorizonBaker;bake_and_save,,true,false,false,false,false,false,tests/terrain/test_vectorized_raycast.py;tests/test_adaptive_sampling.py;tests/test_horizon_baker_coverage.py;tests/test_terrain_visibility_range.py,Terrain horizon raycasting and mesh construction.,compatibility_risk,SPLIT,,0.90,Productive module has 1911 lines (>800 target). 5 broad exception handlers.
TerraLab/terrain/render/README.md,documentation,447,12,TerraLab.terrain,runtime,0,0,,,false,false,false,false,false,false,,TerraLab terrain runtime.,active_or_unconfirmed,KEEP,,0.75,No confirmed replacement or deletion evidence.
TerraLab/terrain/render/__init__.py,python,35,1,TerraLab.terrain,runtime,0,0,,,false,false,false,false,false,false,tests/architecture/test_boundaries.py;tests/terrain/test_elevation_query.py;tests/terrain/test_vectorized_raycast.py;tests/test_adaptive_sampling.py;tests/test_assets_manager_data_sources.py;tests/test_astro_rendering.py;tests/test_bake_process_atomic_save.py;tests/test_copernicus_asset_integration.py;tests/test_copernicus_orthophoto.py;tests/test_copernicus_orthophoto_dialog.py;tests/test_data_layers_ui_contract.py;tests/test_geospatial_providers.py;tests/test_horizon_baker_coverage.py;tests/test_horizon_worker_bortle.py;tests/test_light_pollution_modes.py;tests/test_light_pollution_sampler_crs.py;tests/test_offscreen_functional_regressions.py;tests/test_process_canvas_interactions.py;tests/test_s2glc_download.py;tests/test_scope_ui_manager.py;tests/test_search_engine.py;tests/test_surface_mode_switch.py;tests/test_terrain_render_pipeline.py;tests/test_terrain_representation.py;tests/test_terrain_surface_render.py;tests/test_worker_data_sources.py,Pure terrain rendering core.,active_or_unconfirmed,REVIEW_PUBLIC_API,,0.85,Package public surface must be verified before changes.
TerraLab/terrain/render/atmosphere.py,python,2611,73,TerraLab.terrain,runtime,4,1,atmospheric_fog_factor;vibrant_depth_haze_factor,,false,false,false,false,false,false,tests/test_terrain_render_pipeline.py;tests/test_terrain_surface_render.py,Pure distance fog and atmospheric depth functions.,active_or_unconfirmed,KEEP,,0.75,No confirmed replacement or deletion evidence.
TerraLab/terrain/render/config.py,python,43615,1238,TerraLab.terrain,runtime,22,0,SurfaceVisualStyle;TerrainCelestialLightContext;TerrainRenderSettings;normalize_surface_visual_style,,true,false,false,false,false,false,tests/test_astro_rendering.py;tests/test_compact_control_layout.py;tests/test_config.py;tests/test_copernicus_asset_integration.py;tests/test_data_library.py;tests/test_onboarding_first_run.py;tests/test_qt_lifecycle.py;tests/test_terrain_render_pipeline.py;tests/test_terrain_surface_render.py,Serializable terrain rendering configuration.,compatibility_risk,SPLIT,,0.90,Productive module has 1238 lines (>800 target).
TerraLab/terrain/render/geometry.py,python,28285,770,TerraLab.terrain,runtime,5,1,,,false,false,false,false,false,false,tests/test_astro_rendering.py;tests/test_geospatial_providers.py;tests/test_offscreen_functional_regressions.py;tests/test_recovered_sky_features.py;tests/test_terrain_representation.py;tests/test_terrain_surface_render.py;tests/test_worker_data_sources.py,Pure projected terrain geometry construction and simplification.,active_or_unconfirmed,KEEP,,0.75,No confirmed replacement or deletion evidence. 1 broad exception handlers.
TerraLab/terrain/render/lighting.py,python,4241,127,TerraLab.terrain,runtime,10,1,TerrainCelestialLightFactors;lambert_intensity;light_direction_enu;terrain_celestial_light_factors,,false,false,false,false,false,false,tests/test_terrain_render_pipeline.py;tests/test_terrain_surface_render.py,Pure terrain celestial and Lambert lighting.,active_or_unconfirmed,KEEP,,0.75,No confirmed replacement or deletion evidence.
TerraLab/terrain/render/materials.py,python,16829,501,TerraLab.terrain,runtime,6,2,apply_vibrant_color_grade;compose_vertex_rgba,,false,false,false,false,false,false,tests/test_geospatial_providers.py;tests/test_terrain_render_pipeline.py;tests/test_terrain_surface_render.py,Pure terrain material composition and color grading.,active_or_unconfirmed,KEEP,,0.75,No confirmed replacement or deletion evidence.
TerraLab/terrain/render/overlay_types.py,python,10732,338,TerraLab.terrain,runtime,15,1,TerrainBaseMaterialCache;TerrainLightingGrid;TerrainMaterialSamples;TerrainResolvedMaterialCache,,true,false,false,false,false,false,tests/test_astro_rendering.py;tests/test_terrain_surface_render.py,Immutable terrain overlay geometry and material value objects.,active_or_unconfirmed,KEEP,,0.75,No confirmed replacement or deletion evidence.
TerraLab/terrain/render/palette.py,python,41058,1224,TerraLab.terrain,runtime,13,6,generate_layer_defs,,true,false,false,true,false,true,tests/test_s2glc_land_cover.py;tests/test_terrain_surface_render.py,"Terrain palettes, color transforms, and layer definitions.",oversized,SPLIT,,0.90,Productive module has 1224 lines (>800 target). 1 broad exception handlers.
TerraLab/terrain/render/runtime_helpers.py,python,2930,92,TerraLab.terrain,runtime,1,1,,,false,false,false,false,false,false,tests/test_terrain_surface_render.py,Pure terrain-lighting helpers owned by the render layer.,active_or_unconfirmed,KEEP,,0.75,No confirmed replacement or deletion evidence.
TerraLab/terrain/render/sampling.py,python,4328,127,TerraLab.terrain,runtime,6,1,TerrainSamplingSettings,,false,false,false,false,false,false,tests/test_adaptive_sampling.py;tests/test_terrain_representation.py,Serializable terrain sampling configuration.,active_or_unconfirmed,KEEP,,0.75,No confirmed replacement or deletion evidence.
TerraLab/terrain/render/triangle_raster.py,python,32569,846,TerraLab.terrain,runtime,5,1,,,false,false,false,false,false,false,tests/test_astro_rendering.py;tests/test_terrain_surface_render.py,Vectorized terrain triangle rasterization and material lookup.,compatibility_risk,SPLIT,,0.90,Productive module has 846 lines (>800 target). 1 broad exception handlers.
TerraLab/terrain/representation.py,python,418,15,TerraLab.terrain,runtime,7,1,,,true,false,false,false,false,false,tests/test_terrain_representation.py;tests/test_terrain_surface_render.py;tests/test_worker_data_sources.py,Compatibility exports for the data-layer terrain contracts.,compatibility_risk,REFACTOR_IN_PLACE,,0.72,Contains compatibility/legacy/deprecation markers.
TerraLab/terrain/sampling.py,python,9880,272,TerraLab.terrain,runtime,2,2,AdaptiveRayResult;RefinementEvaluation;adaptive_refine_ray;build_adaptive_base_distances;evaluate_refinement_intervals,,false,false,false,false,false,false,tests/test_adaptive_sampling.py;tests/test_terrain_representation.py,Distance-adaptive terrain profile sampling without Qt dependencies.,active_or_unconfirmed,KEEP,,0.75,No confirmed replacement or deletion evidence.
TerraLab/terrain/services/README.md,documentation,251,7,TerraLab.terrain,runtime,0,0,,,false,false,false,false,false,false,,TerraLab terrain runtime.,active_or_unconfirmed,KEEP,,0.75,No confirmed replacement or deletion evidence.
TerraLab/terrain/services/__init__.py,python,36,1,TerraLab.terrain,runtime,1,0,,,false,false,false,false,false,false,tests/architecture/test_boundaries.py;tests/terrain/test_elevation_query.py;tests/terrain/test_vectorized_raycast.py;tests/test_assets_manager_data_sources.py;tests/test_astro_rendering.py;tests/test_bake_process_atomic_save.py;tests/test_copernicus_asset_integration.py;tests/test_copernicus_orthophoto.py;tests/test_copernicus_orthophoto_dialog.py;tests/test_data_layers_ui_contract.py;tests/test_geospatial_providers.py;tests/test_horizon_baker_coverage.py;tests/test_horizon_worker_bortle.py;tests/test_light_pollution_modes.py;tests/test_light_pollution_sampler_crs.py;tests/test_offscreen_functional_regressions.py;tests/test_process_canvas_interactions.py;tests/test_s2glc_download.py;tests/test_scope_ui_manager.py;tests/test_search_engine.py;tests/test_surface_mode_switch.py;tests/test_terrain_representation.py;tests/test_worker_data_sources.py,Terrain application services.,active_or_unconfirmed,REVIEW_PUBLIC_API,,0.85,Package public surface must be verified before changes.
TerraLab/terrain/services/elevation_query.py,python,4629,136,TerraLab.terrain,runtime,1,1,ElevationQueryResult;query_elevation,,true,false,false,false,false,false,tests/terrain/test_elevation_query.py,Typed point-elevation queries over TerraLab elevation providers.,active_or_unconfirmed,KEEP,,0.75,No confirmed replacement or deletion evidence.
TerraLab/terrain/source_inspection.py,python,5886,187,TerraLab.terrain,runtime,6,5,SourceInspection;inspect_data_source;inspect_registered_source,,true,false,false,false,false,false,tests/test_geospatial_providers.py;tests/test_s2glc_land_cover.py,Metadata-only inspection for typed geospatial catalogue entries.,compatibility_risk,REFACTOR_IN_PLACE,,0.72,Contains compatibility/legacy/deprecation markers. 2 broad exception handlers.
TerraLab/terrain/surface/README.md,documentation,477,11,TerraLab.terrain,runtime,0,0,,,false,false,false,false,false,false,,TerraLab terrain runtime.,active_or_unconfirmed,KEEP,,0.75,No confirmed replacement or deletion evidence.
TerraLab/terrain/surface/__init__.py,python,1182,44,TerraLab.terrain,runtime,10,0,,,true,false,false,false,false,false,tests/architecture/test_boundaries.py;tests/terrain/test_elevation_query.py;tests/terrain/test_vectorized_raycast.py;tests/test_assets_manager_data_sources.py;tests/test_astro_rendering.py;tests/test_bake_process_atomic_save.py;tests/test_copernicus_asset_integration.py;tests/test_copernicus_orthophoto.py;tests/test_copernicus_orthophoto_dialog.py;tests/test_data_layers_ui_contract.py;tests/test_geospatial_providers.py;tests/test_horizon_baker_coverage.py;tests/test_horizon_worker_bortle.py;tests/test_light_pollution_modes.py;tests/test_light_pollution_sampler_crs.py;tests/test_offscreen_functional_regressions.py;tests/test_process_canvas_interactions.py;tests/test_s2glc_download.py;tests/test_s2glc_land_cover.py;tests/test_scope_ui_manager.py;tests/test_search_engine.py;tests/test_surface_lod_cache.py;tests/test_surface_mode_switch.py;tests/test_terrain_representation.py;tests/test_worker_data_sources.py,Stable terrain surface sampling API.,active_or_unconfirmed,REVIEW_PUBLIC_API,,0.85,Package public surface must be verified before changes.
TerraLab/terrain/surface/cache.py,python,19022,463,TerraLab.terrain,runtime,2,2,SurfaceCacheKey;SurfaceSampleCache;SurfaceSamplingRequest;geometry_fingerprint,,true,false,false,false,false,false,tests/architecture/test_boundaries.py;tests/architecture/test_import_safety.py;tests/common/test_cache.py;tests/terrain/test_tile_index.py;tests/test_geospatial_providers.py;tests/test_s2glc_land_cover.py;tests/test_surface_lod_cache.py;tests/test_terrain_surface_render.py;tests/test_tile_cache_load_safety.py;tests/test_worker_data_sources.py,Immutable surface sampling cache and persistence payloads.,compatibility_risk,REFACTOR_IN_PLACE,,0.72,Contains compatibility/legacy/deprecation markers.
TerraLab/terrain/surface/categorical.py,python,23665,589,TerraLab.terrain,runtime,2,8,CategoricalSurfaceProvider;RgbCategoricalSurfaceProvider;decode_window;sampling_progress,,false,false,false,true,false,false,tests/test_assets_manager_data_sources.py;tests/test_data_sources.py;tests/test_geospatial_providers.py;tests/test_s2glc_download.py;tests/test_s2glc_land_cover.py;tests/test_surface_lod_cache.py;tests/test_surface_mode_switch.py;tests/test_terrain_surface_render.py;tests/test_worker_data_sources.py,Categorical and RGB-categorical surface providers.,active_or_unconfirmed,KEEP,,0.75,No confirmed replacement or deletion evidence. 1 broad exception handlers.
TerraLab/terrain/surface/common.py,python,14277,394,TerraLab.terrain,runtime,6,4,CategoricalSampleBatch;RgbaSampleBatch;SurfaceProvider,,true,false,false,false,false,false,tests/architecture/test_boundaries.py;tests/architecture/test_import_safety.py;tests/common/test_cache.py;tests/common/test_cancellation.py;tests/common/test_exception_reporting.py;tests/common/test_performance_budget.py;tests/data/test_gaia_process_pipeline.py;tests/test_assets_manager_data_sources.py;tests/test_config.py;tests/test_copernicus_asset_integration.py;tests/test_data_library.py;tests/test_data_sources.py;tests/test_deprecated_registry.py;tests/test_design_system.py;tests/test_morell_puig_den_cama.py;tests/test_onboarding_dem_autolocation.py;tests/test_s2glc_download.py;tests/test_s2glc_land_cover.py;tests/test_surface_lod_cache.py;tests/test_terrain_surface_render.py,Typed surface and light-pollution providers plus pre-sampling caches. This module has no Qt dependency. Raster I/O and CRS transformations happen while building :class:`SurfaceSampleCache`; the renderer receives immutable NumPy arrays align,active_or_unconfirmed,KEEP,,0.75,No confirmed replacement or deletion evidence. 1 broad exception handlers.
TerraLab/terrain/surface/factory.py,python,6607,179,TerraLab.terrain,runtime,0,7,create_surface_providers,,true,false,true,true,false,false,,Surface provider construction from data-source declarations.,active_or_unconfirmed,KEEP,,0.75,No confirmed replacement or deletion evidence. 2 broad exception handlers.
TerraLab/terrain/surface/geometry.py,python,8339,213,TerraLab.terrain,runtime,1,3,raster_grids_aligned,,false,false,false,false,false,false,tests/test_astro_rendering.py;tests/test_geospatial_providers.py;tests/test_offscreen_functional_regressions.py;tests/test_recovered_sky_features.py;tests/test_terrain_representation.py;tests/test_terrain_surface_render.py;tests/test_worker_data_sources.py,"Pure surface-grid alignment, LOD, and interpolation functions.",active_or_unconfirmed,KEEP,,0.75,No confirmed replacement or deletion evidence.
TerraLab/terrain/surface/light_pollution.py,python,3624,100,TerraLab.terrain,runtime,1,2,LightPollutionProvider,,false,false,false,false,false,false,tests/architecture/test_boundaries.py;tests/light_pollution/test_processing.py;tests/test_assets_manager_data_sources.py;tests/test_data_layers_ui_contract.py;tests/test_data_sources.py;tests/test_diffuse_noise.py;tests/test_geospatial_providers.py;tests/test_light_pollution_modes.py;tests/test_light_pollution_sampler_crs.py;tests/test_light_pollution_sampler_spatial.py;tests/test_milky_way.py;tests/test_offscreen_functional_regressions.py;tests/test_telescope_runtime.py;tests/test_visual_magnitude_engine.py,Light-pollution raster surface provider.,active_or_unconfirmed,KEEP,,0.75,No confirmed replacement or deletion evidence.
TerraLab/terrain/surface/rgb.py,python,7822,205,TerraLab.terrain,runtime,3,3,RgbSurfaceProvider,,false,false,false,false,false,false,tests/test_assets_manager_data_sources.py;tests/test_data_sources.py;tests/test_geospatial_providers.py;tests/test_s2glc_download.py;tests/test_s2glc_land_cover.py;tests/test_surface_lod_cache.py;tests/test_surface_mode_switch.py;tests/test_terrain_render_pipeline.py;tests/test_terrain_surface_render.py;tests/test_worker_data_sources.py,RGB surface raster provider.,active_or_unconfirmed,KEEP,,0.75,No confirmed replacement or deletion evidence.
TerraLab/terrain/surface/service.py,python,53478,1206,TerraLab.terrain,runtime,0,14,SurfaceSamplingService;provider_progress,,true,false,false,false,false,false,tests/test_copernicus_orthophoto.py;tests/test_geospatial_providers.py;tests/test_s2glc_download.py;tests/test_surface_lod_cache.py;tests/test_worker_data_sources.py,Cancellable surface sampling application service.,compatibility_risk,SPLIT,,0.90,Productive module has 1206 lines (>800 target). 1 broad exception handlers.
TerraLab/terrain/surface_store.py,python,8024,214,TerraLab.terrain,runtime,6,0,AtomicNpzStore;NpzStoreStats,,true,false,false,true,false,false,tests/test_offscreen_functional_regressions.py;tests/test_surface_lod_cache.py,"Atomic, byte-bounded NPZ storage used by terrain surface sampling. The store deliberately knows nothing about rasterio or Qt. Surface-result snapshots and sparse categorical LOD tiles share one root and therefore one LRU budget.",active_or_unconfirmed,KEEP,,0.75,No confirmed replacement or deletion evidence.
TerraLab/terrain/terrain_coordinator.py,python,10883,285,TerraLab.terrain,runtime,2,1,TerrainCoordinator;create_process_horizon_worker,,true,true,false,false,false,true,tests/architecture/test_boundaries.py;tests/test_compact_control_layout.py;tests/test_data_layers_ui_contract.py;tests/test_light_pollution_modes.py;tests/test_qt_lifecycle.py;tests/test_surface_mode_switch.py;tests/test_worker_data_sources.py,Coordinador de terreny per horitzo. Orquestra HorizonWorker i exposa snapshots sense dependencia de UI.,active_or_unconfirmed,KEEP,,0.75,No confirmed replacement or deletion evidence. Potential top-level runtime call detected.
TerraLab/terrain/visibility_range.py,python,125,3,TerraLab.terrain,runtime,7,1,,,false,false,false,false,false,false,tests/test_morell_puig_den_cama.py;tests/test_terrain_visibility_range.py,Compatibility exports for visibility-range data contracts.,compatibility_risk,REFACTOR_IN_PLACE,,0.72,Contains compatibility/legacy/deprecation markers.
TerraLab/terrain/worker.py,python,54546,1426,TerraLab.terrain,runtime,7,12,HorizonWorker;SurfaceSamplingRuntime;index_callback;prepare_stage,,true,true,false,false,true,true,tests/test_astro_rendering.py;tests/test_horizon_worker_bortle.py;tests/test_s2glc_download.py;tests/test_terrain_visibility_range.py;tests/test_worker_data_sources.py,TerraLab terrain runtime.,compatibility_risk,SPLIT,,0.90,Productive module has 1426 lines (>800 target). Potential top-level runtime call detected. 24 broad exception handlers.
TerraLab/tools/download_gaia_tap.py,python,51702,1531,TerraLab.tools,runtime,0,4,main,,true,true,true,true,false,false,,Download Gaia DR3 stars via ESA TAP and build TerraLab runtime cache.,compatibility_risk,MOVE,tools/download_gaia_tap.py,0.90,Developer tooling is currently inside the distributable package. Potential top-level runtime call detected. 20 broad exception handlers.
TerraLab/tools/download_gaia_tiles.py,python,526,21,TerraLab.tools,runtime,0,1,,,false,false,false,false,false,false,,CLI curt per descarregar Gaia en format de teseles. Mantingut separat del flux legacy `download_gaia_tap.py`.,compatibility_risk,MOVE,tools/download_gaia_tiles.py,0.90,Developer tooling is currently inside the distributable package.
TerraLab/ui/README.md,documentation,432,10,TerraLab.ui,runtime,0,0,,,false,false,false,false,false,false,,TerraLab ui runtime.,active_or_unconfirmed,KEEP,,0.75,No confirmed replacement or deletion evidence.
TerraLab/ui/__init__.py,python,0,0,TerraLab.ui,runtime,1,0,,,false,false,false,false,false,false,tests/architecture/test_boundaries.py;tests/architecture/test_import_safety.py;tests/terrain/test_elevation_query.py;tests/terrain/test_vectorized_raycast.py;tests/test_assets_manager_data_sources.py;tests/test_astro_rendering.py;tests/test_bake_process_atomic_save.py;tests/test_compact_control_layout.py;tests/test_copernicus_asset_integration.py;tests/test_copernicus_orthophoto.py;tests/test_copernicus_orthophoto_dialog.py;tests/test_data_layers_ui_contract.py;tests/test_data_sources.py;tests/test_design_system.py;tests/test_gaia_manifest_resolution.py;tests/test_geospatial_providers.py;tests/test_horizon_baker_coverage.py;tests/test_horizon_worker_bortle.py;tests/test_light_pollution_modes.py;tests/test_light_pollution_sampler_crs.py;tests/test_offscreen_functional_regressions.py;tests/test_onboarding_first_run.py;tests/test_process_canvas_interactions.py;tests/test_qt_lifecycle.py;tests/test_runtime_process_isolation.py;tests/test_s2glc_download.py;tests/test_scope_ui_manager.py;tests/test_search_engine.py;tests/test_surface_mode_switch.py;tests/test_terrain_representation.py;tests/test_worker_data_sources.py,TerraLab ui runtime.,active_or_unconfirmed,REVIEW_PUBLIC_API,,0.85,Package public surface must be verified before changes.
TerraLab/ui/application_window.py,python,4857,135,TerraLab.ui,runtime,1,3,TerraLabMainWindow,,true,false,false,false,false,true,,Finestra d'aplicació de TerraLab i accions de nivell superior.,active_or_unconfirmed,KEEP,,0.75,No confirmed replacement or deletion evidence.
TerraLab/ui/astro_canvas.py,python,53086,1394,TerraLab.ui,runtime,5,10,AstroCanvas,,true,true,false,true,true,true,tests/architecture/test_boundaries.py;tests/architecture/test_import_safety.py;tests/test_astro_rendering.py;tests/test_offscreen_functional_regressions.py;tests/test_process_canvas_interactions.py,Responsive UI presenter for the process-owned astronomical scene.,oversized,SPLIT,,0.90,Productive module has 1394 lines (>800 target). Potential top-level runtime call detected. 1 broad exception handlers.
TerraLab/ui/astronomical_widget.py,python,29394,726,TerraLab.ui,runtime,6,7,AstronomicalWidget,,true,true,false,false,false,true,tests/architecture/test_boundaries.py;tests/test_compact_control_layout.py;tests/test_data_layers_ui_contract.py;tests/test_gaia_manifest_resolution.py;tests/test_light_pollution_modes.py;tests/test_qt_lifecycle.py;tests/test_surface_mode_switch.py,Nova facade d'AstronomicalWidget centrada en UI + coordinadors. The public class composes focused UI responsibility mixins.,compatibility_risk,REFACTOR_IN_PLACE,,0.72,Contains compatibility/legacy/deprecation markers. Potential top-level runtime call detected. 6 broad exception handlers.
TerraLab/ui/canvas_mixins/README.md,documentation,370,11,TerraLab.ui,runtime,0,0,,,false,false,false,false,false,false,,TerraLab ui runtime.,active_or_unconfirmed,KEEP,,0.75,No confirmed replacement or deletion evidence.
TerraLab/ui/canvas_mixins/__init__.py,python,131,5,TerraLab.ui,runtime,0,0,,,true,false,false,false,false,false,tests/architecture/test_boundaries.py;tests/terrain/test_elevation_query.py;tests/terrain/test_vectorized_raycast.py;tests/test_assets_manager_data_sources.py;tests/test_astro_rendering.py;tests/test_bake_process_atomic_save.py;tests/test_copernicus_asset_integration.py;tests/test_copernicus_orthophoto.py;tests/test_copernicus_orthophoto_dialog.py;tests/test_data_layers_ui_contract.py;tests/test_geospatial_providers.py;tests/test_horizon_baker_coverage.py;tests/test_horizon_worker_bortle.py;tests/test_light_pollution_modes.py;tests/test_light_pollution_sampler_crs.py;tests/test_offscreen_functional_regressions.py;tests/test_process_canvas_interactions.py;tests/test_s2glc_download.py;tests/test_scope_ui_manager.py;tests/test_search_engine.py;tests/test_surface_mode_switch.py;tests/test_terrain_representation.py;tests/test_worker_data_sources.py,UI-only astronomical canvas behavior.,active_or_unconfirmed,REVIEW_PUBLIC_API,,0.85,Package public surface must be verified before changes.
TerraLab/ui/canvas_mixins/interaction.py,python,14134,355,TerraLab.ui,runtime,1,3,CanvasInteractionMixin,,true,true,false,false,false,true,,"Canvas input state, visible-object registry, and picking support.",active_or_unconfirmed,KEEP,,0.75,No confirmed replacement or deletion evidence. Potential top-level runtime call detected. 6 broad exception handlers.
TerraLab/ui/copernicus_orthophoto_dialog.py,python,38668,1126,TerraLab.ui,runtime,2,3,CopernicusMapBridge;CopernicusOrthophotoSelectionDialog;build_map_html,,true,false,true,true,false,true,tests/test_copernicus_asset_integration.py;tests/test_copernicus_orthophoto_dialog.py,"Interactive Copernicus HRIM orthophoto area selector. The embedded web map is deliberately limited to interaction and display. The authoritative bounding box, projection, pixel dimensions and download request remain Python objects from :mod",compatibility_risk,SPLIT,,0.90,Productive module has 1126 lines (>800 target). 6 broad exception handlers.
TerraLab/ui/data_layers_dialog.py,python,38926,1116,TerraLab.ui,runtime,3,9,DataLayerChanges;DataLayersDialog,,true,false,false,false,false,true,tests/test_data_layers_ui_contract.py;tests/test_data_sources.py,Normal-use management dialog for typed geospatial data sources.,compatibility_risk,SPLIT,,0.90,Productive module has 1116 lines (>800 target). 2 broad exception handlers.
TerraLab/ui/data_library_dialog.py,python,8386,240,TerraLab.ui,runtime,2,1,configure_data_library;ensure_data_library_for_gui;library_free_space,,true,false,false,false,false,true,,Mandatory chooser and safe migration flow for the TerraLab data library.,compatibility_risk,REFACTOR_IN_PLACE,,0.72,Contains compatibility/legacy/deprecation markers.
TerraLab/ui/design_system.py,python,19499,825,TerraLab.ui,runtime,10,1,apply_onboarding_theme;scoped_dialog_override,,false,false,false,false,false,true,tests/test_design_system.py,Sistema visual Qt que replica el llenguatge de l'onboarding.,oversized,SPLIT,,0.90,Productive module has 825 lines (>800 target).
TerraLab/ui/frame_presenter.py,python,14054,392,TerraLab.ui,runtime,1,4,SharedFramePresenter,,true,true,false,false,false,true,tests/test_runtime_process_isolation.py,A QWidget that only presents frames produced by the render process.,active_or_unconfirmed,KEEP,,0.75,No confirmed replacement or deletion evidence. Potential top-level runtime call detected. 1 broad exception handlers.
TerraLab/ui/layer_configurator.py,python,27949,755,TerraLab.ui,runtime,2,4,LayerConfiguratorWidget,,true,true,false,false,false,true,,Shared layer-library configurator used during and after onboarding.,active_or_unconfirmed,KEEP,,0.75,No confirmed replacement or deletion evidence. Potential top-level runtime call detected. 4 broad exception handlers.
TerraLab/ui/onboarding/__init__.py,python,220,8,TerraLab.ui,runtime,2,1,,,true,false,false,false,false,false,tests/architecture/test_boundaries.py;tests/terrain/test_elevation_query.py;tests/terrain/test_vectorized_raycast.py;tests/test_assets_manager_data_sources.py;tests/test_astro_rendering.py;tests/test_bake_process_atomic_save.py;tests/test_copernicus_asset_integration.py;tests/test_copernicus_orthophoto.py;tests/test_copernicus_orthophoto_dialog.py;tests/test_data_layers_ui_contract.py;tests/test_geospatial_providers.py;tests/test_horizon_baker_coverage.py;tests/test_horizon_worker_bortle.py;tests/test_light_pollution_modes.py;tests/test_light_pollution_sampler_crs.py;tests/test_offscreen_functional_regressions.py;tests/test_onboarding_first_run.py;tests/test_process_canvas_interactions.py;tests/test_s2glc_download.py;tests/test_scope_ui_manager.py;tests/test_search_engine.py;tests/test_surface_mode_switch.py;tests/test_terrain_representation.py;tests/test_worker_data_sources.py,Experiència de primer inici de TerraLab.,active_or_unconfirmed,REVIEW_PUBLIC_API,,0.85,Package public surface must be verified before changes.
TerraLab/ui/onboarding/assets/audio/fading-away.mp3,mp3,7504594,43573,TerraLab.ui,runtime,0,0,,,false,false,false,false,false,false,,TerraLab ui runtime.,compatibility_risk,SPLIT,,0.90,Productive module has 43573 lines (>800 target).
TerraLab/ui/onboarding/assets/onboarding.html,html,33209,199,TerraLab.ui,runtime,0,0,,,false,false,false,false,false,false,,TerraLab ui runtime.,active_or_unconfirmed,KEEP,,0.75,No confirmed replacement or deletion evidence.
TerraLab/ui/onboarding/first_run_manager.py,python,1674,45,TerraLab.ui,runtime,3,1,FirstRunManager,,false,false,false,false,false,false,tests/test_onboarding_first_run.py,Persistència i política de versions de l'onboarding.,active_or_unconfirmed,KEEP,,0.75,No confirmed replacement or deletion evidence.
TerraLab/ui/onboarding/onboarding_bridge.py,python,325,14,TerraLab.ui,runtime,1,0,OnboardingBridge,,true,false,false,false,false,true,,Pont mínim entre el document HTML i el cicle de vida de Qt.,active_or_unconfirmed,KEEP,,0.75,No confirmed replacement or deletion evidence.
TerraLab/ui/onboarding/onboarding_window.py,python,4966,150,TerraLab.ui,runtime,2,2,OnboardingWindow;onboarding_document_path,,true,true,false,false,false,true,,Finestra cinematogràfica de primer inici basada en Qt WebEngine.,active_or_unconfirmed,KEEP,,0.75,No confirmed replacement or deletion evidence. Potential top-level runtime call detected.
TerraLab/ui/onboarding_dialogs.py,python,89236,2398,TerraLab.ui,runtime,4,10,AssetOnboardingDialog;WelcomeOnboardingDialog;force_stop,,true,true,true,true,false,true,tests/test_copernicus_asset_integration.py,Onboarding dialogs: first-run welcome and per-layer asset assistant.,compatibility_risk,SPLIT,,0.90,Productive module has 2398 lines (>800 target). Potential top-level runtime call detected. 40 broad exception handlers.
TerraLab/ui/sky_controller.py,python,1453,46,TerraLab.ui,runtime,0,1,SkyController,,false,false,false,false,false,false,,UI input mapping helpers for sky camera interactions.,active_or_unconfirmed,KEEP,,0.75,No confirmed replacement or deletion evidence.
TerraLab/ui/time_bar.py,python,8258,281,TerraLab.ui,runtime,1,0,ClickableLabel;RusticTimeBar,,true,false,false,false,false,true,tests/test_compact_control_layout.py;tests/test_light_pollution_modes.py,Interactive astronomical time bar widgets.,active_or_unconfirmed,KEEP,,0.75,No confirmed replacement or deletion evidence.
TerraLab/ui/widget_bootstrap_helpers.py,python,2325,70,TerraLab.ui,runtime,1,2,widget_start_async_bootstrap,,true,false,true,false,false,false,,Non-blocking bootstrap for the process-owned astronomical runtime.,active_or_unconfirmed,KEEP,,0.75,No confirmed replacement or deletion evidence.
TerraLab/ui/widget_controls_builder.py,python,72517,1826,TerraLab.ui,runtime,1,10,build_deferred_controls_ui,,true,false,false,false,false,true,,Deferred controls builder for the astronomical widget.,compatibility_risk,SPLIT,,0.90,Productive module has 1826 lines (>800 target). 1 broad exception handlers.
TerraLab/ui/widget_init_helpers.py,python,18564,404,TerraLab.ui,runtime,2,14,astro_canvas_init;astronomical_widget_init,,true,true,true,false,false,true,,Initialization helpers for the astronomical widget.,active_or_unconfirmed,KEEP,,0.75,No confirmed replacement or deletion evidence. Potential top-level runtime call detected. 1 broad exception handlers.
TerraLab/ui/widget_misc_helpers.py,python,20263,571,TerraLab.ui,runtime,5,4,widget_ensure_copernicus_credentials_prompt;widget_maybe_resume_pending_gaia_download;widget_refresh_climate_status_indicator;widget_refresh_gaia_download_feedback;widget_refresh_milkyway_status_indicator;widget_reload_star_catalog_async;widget_set_scope_coord_inputs;widget_sync_constellation_controls;widget_update_custom_theme,,true,false,true,false,false,true,,Miscellaneous helpers for the astronomical widget.,compatibility_risk,REFACTOR_IN_PLACE,,0.72,Contains compatibility/legacy/deprecation markers. 10 broad exception handlers.
TerraLab/ui/widget_mixins/README.md,documentation,333,7,TerraLab.ui,runtime,0,0,,,false,false,false,false,false,false,,TerraLab ui runtime.,active_or_unconfirmed,KEEP,,0.75,No confirmed replacement or deletion evidence.
TerraLab/ui/widget_mixins/__init__.py,python,465,15,TerraLab.ui,runtime,2,0,,,true,false,false,false,false,false,tests/architecture/test_boundaries.py;tests/terrain/test_elevation_query.py;tests/terrain/test_vectorized_raycast.py;tests/test_assets_manager_data_sources.py;tests/test_astro_rendering.py;tests/test_bake_process_atomic_save.py;tests/test_copernicus_asset_integration.py;tests/test_copernicus_orthophoto.py;tests/test_copernicus_orthophoto_dialog.py;tests/test_data_layers_ui_contract.py;tests/test_geospatial_providers.py;tests/test_horizon_baker_coverage.py;tests/test_horizon_worker_bortle.py;tests/test_light_pollution_modes.py;tests/test_light_pollution_sampler_crs.py;tests/test_offscreen_functional_regressions.py;tests/test_process_canvas_interactions.py;tests/test_s2glc_download.py;tests/test_scope_ui_manager.py;tests/test_search_engine.py;tests/test_surface_mode_switch.py;tests/test_terrain_representation.py;tests/test_worker_data_sources.py,Astronomical widget responsibility mixins.,active_or_unconfirmed,REVIEW_PUBLIC_API,,0.85,Package public surface must be verified before changes.
TerraLab/ui/widget_mixins/bootstrap_terrain.py,python,15387,370,TerraLab.ui,runtime,0,9,WidgetBootstrapTerrainMixin,,true,false,false,false,false,true,,Widget bootstrap and terrain-job lifecycle.,compatibility_risk,REFACTOR_IN_PLACE,,0.72,Contains compatibility/legacy/deprecation markers. 3 broad exception handlers.
TerraLab/ui/widget_mixins/controls_time.py,python,27134,731,TerraLab.ui,runtime,0,6,WidgetControlsTimeMixin,,true,true,false,true,false,true,,"Time, animation, star-trail, and observing controls.",active_or_unconfirmed,KEEP,,0.75,No confirmed replacement or deletion evidence. Potential top-level runtime call detected. 2 broad exception handlers.
TerraLab/ui/widget_mixins/horizon_scope.py,python,19254,463,TerraLab.ui,runtime,0,6,WidgetHorizonScopeMixin,,true,true,false,true,false,true,,Horizon results and telescope/scope controls.,active_or_unconfirmed,KEEP,,0.75,No confirmed replacement or deletion evidence. Potential top-level runtime call detected. 1 broad exception handlers.
TerraLab/ui/widget_mixins/layers.py,python,27027,669,TerraLab.ui,runtime,0,6,WidgetLayersMixin,,true,false,false,false,false,true,tests/test_copernicus_orthophoto_dialog.py;tests/test_data_layers_ui_contract.py;tests/test_light_pollution_modes.py;tests/test_offscreen_functional_regressions.py;tests/test_recovered_sky_features.py;tests/test_runtime_process_isolation.py;tests/test_surface_mode_switch.py,"Layer availability, mode selection, and layer-state controls.",active_or_unconfirmed,KEEP,,0.75,No confirmed replacement or deletion evidence. 3 broad exception handlers.
TerraLab/ui/widget_mixins/surface_data.py,python,39793,1051,TerraLab.ui,runtime,1,8,WidgetSurfaceDataMixin,,true,false,false,false,false,true,tests/test_search_engine.py;tests/test_surface_mode_switch.py,"Surface refresh, data-layer dialog, and runtime status handling.",compatibility_risk,SPLIT,,0.90,Productive module has 1051 lines (>800 target).
TerraLab/ui/widget_runtime_helpers.py,python,14393,403,TerraLab.ui,runtime,4,8,open_calendar;recompute_visual_magnitude_model;request_relocation;run_smoke_scenes,,true,true,true,false,false,true,tests/test_light_pollution_modes.py,Runtime helper functions for AstronomicalWidget.,active_or_unconfirmed,KEEP,,0.75,No confirmed replacement or deletion evidence. Potential top-level runtime call detected. 4 broad exception handlers.
TerraLab/ui/workers/README.md,documentation,325,7,TerraLab.ui,runtime,0,0,,,false,false,false,false,false,false,,TerraLab ui runtime.,active_or_unconfirmed,KEEP,,0.75,No confirmed replacement or deletion evidence.
TerraLab/ui/workers/__init__.py,python,29,1,TerraLab.ui,runtime,0,0,,,false,false,false,false,false,false,tests/architecture/test_boundaries.py;tests/terrain/test_elevation_query.py;tests/terrain/test_vectorized_raycast.py;tests/test_assets_manager_data_sources.py;tests/test_astro_rendering.py;tests/test_bake_process_atomic_save.py;tests/test_copernicus_asset_integration.py;tests/test_copernicus_orthophoto.py;tests/test_copernicus_orthophoto_dialog.py;tests/test_data_layers_ui_contract.py;tests/test_geospatial_providers.py;tests/test_horizon_baker_coverage.py;tests/test_horizon_worker_bortle.py;tests/test_light_pollution_modes.py;tests/test_light_pollution_sampler_crs.py;tests/test_offscreen_functional_regressions.py;tests/test_process_canvas_interactions.py;tests/test_s2glc_download.py;tests/test_scope_ui_manager.py;tests/test_search_engine.py;tests/test_surface_mode_switch.py;tests/test_terrain_representation.py;tests/test_worker_data_sources.py,UI background workers.,active_or_unconfirmed,REVIEW_PUBLIC_API,,0.85,Package public surface must be verified before changes.
TerraLab/util/README.md,documentation,310,7,TerraLab.util,runtime,0,0,,,false,false,false,false,false,false,,TerraLab util runtime.,active_or_unconfirmed,KEEP,,0.75,No confirmed replacement or deletion evidence.
TerraLab/util/__init__.py,python,0,0,TerraLab.util,runtime,0,0,,,false,false,false,false,false,false,tests/architecture/test_boundaries.py;tests/data/test_gaia_process_pipeline.py;tests/data/test_star_colours.py;tests/terrain/test_elevation_query.py;tests/terrain/test_vectorized_raycast.py;tests/test_assets_manager_data_sources.py;tests/test_astro_rendering.py;tests/test_bake_process_atomic_save.py;tests/test_copernicus_asset_integration.py;tests/test_copernicus_orthophoto.py;tests/test_copernicus_orthophoto_dialog.py;tests/test_data_layers_ui_contract.py;tests/test_geospatial_providers.py;tests/test_horizon_baker_coverage.py;tests/test_horizon_worker_bortle.py;tests/test_light_pollution_modes.py;tests/test_light_pollution_sampler_crs.py;tests/test_offscreen_functional_regressions.py;tests/test_process_canvas_interactions.py;tests/test_s2glc_download.py;tests/test_scope_ui_manager.py;tests/test_search_engine.py;tests/test_surface_mode_switch.py;tests/test_terrain_representation.py;tests/test_worker_data_sources.py,TerraLab util runtime.,active_or_unconfirmed,REVIEW_PUBLIC_API,,0.85,Package public surface must be verified before changes.
TerraLab/util/build_healpy_index.py,python,18563,565,TerraLab.util,runtime,1,2,build_healpy_catalog_index;main,,false,false,false,true,false,false,tests/data/test_gaia_process_pipeline.py,Build a HEALPix-ordered Gaia catalog and compact lookup index. This module builds: 1) `stars_catalog_healpy.npy` with rows ordered by HEALPix pixel (NESTED). 2) `stars_catalog_healpy.idx.npz` with sparse pixel -> row-range lookup data. The ,active_or_unconfirmed,KEEP,,0.75,No confirmed replacement or deletion evidence. 5 broad exception handlers.
TerraLab/util/color.py,python,4826,157,TerraLab.util,runtime,3,1,bp_rp_to_rgb_arrays;color_from_bp_rp,,false,false,false,false,false,false,tests/data/test_star_colours.py;tests/test_astro_rendering.py;tests/test_data_layers_ui_contract.py;tests/test_geospatial_providers.py;tests/test_terrain_surface_render.py,Color utilities for stellar rendering.,compatibility_risk,REFACTOR_IN_PLACE,,0.72,Contains compatibility/legacy/deprecation markers. 1 broad exception handlers.
TerraLab/util/gaia_importer.py,python,22877,663,TerraLab.util,runtime,4,3,build_gaia_catalog_from_tables;build_gaia_catalog_spawned,,true,true,false,true,true,false,tests/data/test_gaia_process_pipeline.py,Gaia table importer: stack ECSV/CSV files and build TerraLab runtime artifacts.,compatibility_risk,REFACTOR_IN_PLACE,,0.72,Contains compatibility/legacy/deprecation markers. Potential top-level runtime call detected. 13 broad exception handlers.
TerraLab/util/healpy_catalog_reader.py,python,9798,303,TerraLab.util,runtime,1,1,CatalegEstelarHEALPix,,true,false,false,false,false,false,,Runtime reader for HEALPix-ordered Gaia catalogs. The reader keeps the large NPY catalog memory-mapped and loads only a small index file in RAM. Querying a FoV reads only the row ranges mapped by the HEALPix pixels intersecting the view.,active_or_unconfirmed,KEEP,,0.75,No confirmed replacement or deletion evidence. 5 broad exception handlers.
TerraLab/util/math2d.py,python,576,26,TerraLab.util,runtime,4,0,clamp;inv_lerp;lerp;saturate,,false,false,false,false,false,false,,2D math helpers used by scene and render modules.,active_or_unconfirmed,KEEP,,0.75,No confirmed replacement or deletion evidence.
TerraLab/util/milkyway_importer.py,python,7644,241,TerraLab.util,runtime,1,1,convert_milkyway_fits_to_png,,true,false,false,true,false,false,,Milky Way FITS importer utilities (FITS -> RGBA PNG with optional star removal).,active_or_unconfirmed,KEEP,,0.75,No confirmed replacement or deletion evidence. 2 broad exception handlers.
TerraLab/weather/README.md,documentation,280,7,TerraLab.weather,runtime,0,0,,,false,false,false,false,false,false,,TerraLab weather runtime.,active_or_unconfirmed,KEEP,,0.75,No confirmed replacement or deletion evidence.
TerraLab/weather/__init__.py,python,0,0,TerraLab.weather,runtime,0,0,,,false,false,false,false,false,false,tests/architecture/test_boundaries.py;tests/terrain/test_elevation_query.py;tests/terrain/test_vectorized_raycast.py;tests/test_assets_manager_data_sources.py;tests/test_astro_rendering.py;tests/test_bake_process_atomic_save.py;tests/test_copernicus_asset_integration.py;tests/test_copernicus_orthophoto.py;tests/test_copernicus_orthophoto_dialog.py;tests/test_data_layers_ui_contract.py;tests/test_geospatial_providers.py;tests/test_horizon_baker_coverage.py;tests/test_horizon_worker_bortle.py;tests/test_light_pollution_modes.py;tests/test_light_pollution_sampler_crs.py;tests/test_offscreen_functional_regressions.py;tests/test_process_canvas_interactions.py;tests/test_s2glc_download.py;tests/test_scope_ui_manager.py;tests/test_search_engine.py;tests/test_surface_mode_switch.py;tests/test_terrain_representation.py;tests/test_worker_data_sources.py,TerraLab weather runtime.,active_or_unconfirmed,REVIEW_PUBLIC_API,,0.85,Package public surface must be verified before changes.
TerraLab/weather/metno_provider.py,python,17628,543,TerraLab.weather,runtime,2,3,MetNoWeatherProvider,,false,false,true,true,true,false,,TerraLab weather runtime.,active_or_unconfirmed,KEEP,,0.75,No confirmed replacement or deletion evidence. 10 broad exception handlers.
TerraLab/weather/system.py,python,50414,1329,TerraLab.weather,runtime,1,2,Cloud;Particle;WeatherControlWidget;WeatherPalette;WeatherSystem,,true,false,false,false,false,true,,Sistema meteorològic per al giny astronòmic. Generació procedural de clima optimitzada amb projecció esfèrica i memòria cau.,oversized,SPLIT,,0.90,Productive module has 1329 lines (>800 target). 8 broad exception handlers.
TerraLab/widgets/README.md,documentation,297,7,TerraLab.widgets,runtime,0,0,,,false,false,false,false,false,false,,TerraLab widgets runtime.,active_or_unconfirmed,KEEP,,0.75,No confirmed replacement or deletion evidence.
TerraLab/widgets/__init__.py,python,0,0,TerraLab.widgets,runtime,0,0,,,false,false,false,false,false,false,tests/architecture/test_boundaries.py;tests/terrain/test_elevation_query.py;tests/terrain/test_vectorized_raycast.py;tests/test_assets_manager_data_sources.py;tests/test_astro_rendering.py;tests/test_bake_process_atomic_save.py;tests/test_copernicus_asset_integration.py;tests/test_copernicus_orthophoto.py;tests/test_copernicus_orthophoto_dialog.py;tests/test_data_layers_ui_contract.py;tests/test_geospatial_providers.py;tests/test_horizon_baker_coverage.py;tests/test_horizon_worker_bortle.py;tests/test_light_pollution_modes.py;tests/test_light_pollution_sampler_crs.py;tests/test_offscreen_functional_regressions.py;tests/test_process_canvas_interactions.py;tests/test_s2glc_download.py;tests/test_scope_ui_manager.py;tests/test_search_engine.py;tests/test_spherical_math.py;tests/test_surface_mode_switch.py;tests/test_telescope_runtime.py;tests/test_terrain_representation.py;tests/test_visual_magnitude_engine.py;tests/test_worker_data_sources.py,TerraLab widgets runtime.,active_or_unconfirmed,REVIEW_PUBLIC_API,,0.85,Package public surface must be verified before changes.
TerraLab/widgets/constellation_drawing.py,python,65402,1722,TerraLab.widgets,runtime,3,3,ConstellationDrawingController;ConstellationGroup;ConstellationNode,,false,false,false,true,false,true,,TerraLab widgets runtime.,compatibility_risk,SPLIT,,0.90,Productive module has 1722 lines (>800 target). 5 broad exception handlers.
TerraLab/widgets/hint_overlay.py,python,5125,147,TerraLab.widgets,runtime,1,0,HintOverlay,,true,true,false,false,false,true,tests/test_light_pollution_modes.py,TerraLab widgets runtime.,active_or_unconfirmed,KEEP,,0.75,No confirmed replacement or deletion evidence. Potential top-level runtime call detected.
TerraLab/widgets/measurement_tools.py,python,36013,1113,TerraLab.widgets,runtime,6,2,MeasurementController;MeasurementItem;RenderInfo,,false,false,false,false,false,true,,TerraLab widgets runtime.,oversized,SPLIT,,0.90,Productive module has 1113 lines (>800 target).
TerraLab/widgets/optica_telescopica.py,python,5628,171,TerraLab.widgets,runtime,2,0,calculate_mag_limit;calculate_star_brightness;calculate_star_radius_px;calculate_telescope_parameters,,false,false,false,false,false,false,tests/test_visual_magnitude_engine.py,"Realistic telescope/camera photometry helpers. This module centralizes the physical model used to derive limiting magnitude from focal length, aperture, ISO and exposure time.",compatibility_risk,REFACTOR_IN_PLACE,,0.72,Contains compatibility/legacy/deprecation markers.
TerraLab/widgets/physical_math.py,python,10610,342,TerraLab.widgets,runtime,2,1,AtmosphericMath;InstrumentOpticsMath;VisualPhotometryMath,,false,false,false,false,false,false,,TerraLab widgets runtime.,active_or_unconfirmed,KEEP,,0.75,No confirmed replacement or deletion evidence.
TerraLab/widgets/scope_ui_manager.py,python,7809,214,TerraLab.widgets,runtime,2,4,ScopeUIManager,,true,false,true,false,false,true,tests/test_scope_ui_manager.py,UI manager extracted from AstronomicalWidget scope handlers.,active_or_unconfirmed,KEEP,,0.75,No confirmed replacement or deletion evidence.
TerraLab/widgets/spherical_math.py,python,8846,296,TerraLab.widgets,runtime,7,1,altaz_to_ra_dec;angular_delta_signed;angular_distance;calculate_sun_times;destination_point;get_sun_alt_az;gmst_deg;julian_day;lst_deg;ra_dec_to_alt_az;screen_to_sky;sky_to_vector;slerp_arc_points;vector_to_sky,,false,false,false,true,false,false,tests/test_offscreen_functional_regressions.py;tests/test_spherical_math.py,TerraLab widgets runtime.,active_or_unconfirmed,KEEP,,0.75,No confirmed replacement or deletion evidence. 1 broad exception handlers.
TerraLab/widgets/telescope_runtime.py,python,19121,558,TerraLab.widgets,runtime,7,4,compute_airmass;compute_extinction_k;fetch_copernicus_aod_pressure;on_resize;on_telescope_view_enabled;update_star_rendering_params;update_telescope_hud,,true,false,true,true,false,false,tests/test_astro_rendering.py;tests/test_light_pollution_modes.py;tests/test_telescope_runtime.py,TerraLab widgets runtime.,compatibility_risk,REFACTOR_IN_PLACE,,0.72,Contains compatibility/legacy/deprecation markers. 13 broad exception handlers.
TerraLab/widgets/telescope_scope_mode.py,python,16297,471,TerraLab.widgets,runtime,6,2,SensorPreset;TelescopeScopeController,,false,false,false,false,false,true,tests/test_offscreen_functional_regressions.py,TerraLab widgets runtime.,active_or_unconfirmed,KEEP,,0.75,No confirmed replacement or deletion evidence. 1 broad exception handlers.
TerraLab/widgets/terrain_config_dialog.py,python,18169,436,TerraLab.widgets,runtime,1,4,TerrainConfigDialog,,true,false,true,false,false,true,,TerraLab widgets runtime.,active_or_unconfirmed,KEEP,,0.75,No confirmed replacement or deletion evidence. 1 broad exception handlers.
TerraLab/widgets/visual_magnitude_engine.py,python,5353,154,TerraLab.widgets,runtime,4,2,VisualMagnitudeEngine;VisualMagnitudeInputs;VisualMagnitudeResult,,true,false,false,false,false,false,tests/test_visual_magnitude_engine.py,TerraLab widgets runtime.,active_or_unconfirmed,KEEP,,0.75,No confirmed replacement or deletion evidence.
benchmarks/README.md,documentation,1515,34,benchmarks,dev,0,0,,,false,false,false,false,false,false,,Reproducible performance measurement.,active_or_unconfirmed,KEEP,,0.75,No confirmed replacement or deletion evidence.
benchmarks/benchmark_categorical_pipeline.py,python,11274,308,benchmarks,dev,0,8,main,,false,false,false,true,false,true,,Reproducible performance measurement.,compatibility_risk,REFACTOR_IN_PLACE,,0.72,Contains compatibility/legacy/deprecation markers.
benchmarks/benchmark_horizon_tile_selection.py,python,3898,122,benchmarks,dev,0,1,main,,false,true,false,false,false,false,,Reproducible performance measurement.,active_or_unconfirmed,KEEP,,0.75,No confirmed replacement or deletion evidence. Potential top-level runtime call detected.
benchmarks/benchmark_optimization.py,python,10952,315,benchmarks,dev,0,5,benchmark_catalog_query;benchmark_real_dem;benchmark_streamed_star_math;benchmark_terrain;main,,true,true,false,true,false,false,,Reproducible performance measurement.,compatibility_risk,REFACTOR_IN_PLACE,,0.72,Contains compatibility/legacy/deprecation markers. Potential top-level runtime call detected.
benchmarks/benchmark_scope_startup.py,python,10329,316,benchmarks,dev,0,1,main,,true,false,false,true,false,true,,Reproducible performance measurement.,active_or_unconfirmed,KEEP,,0.75,No confirmed replacement or deletion evidence. 3 broad exception handlers.
benchmarks/benchmark_terrain_render.py,python,15634,430,benchmarks,dev,0,12,main,,false,false,false,true,false,true,,Reproducible performance measurement.,compatibility_risk,REFACTOR_IN_PLACE,,0.72,Contains compatibility/legacy/deprecation markers.
benchmarks/performance_baseline.json,configuration,684,28,benchmarks,dev,0,0,,,false,false,false,false,false,false,,Reproducible performance measurement.,compatibility_risk,REFACTOR_IN_PLACE,,0.72,Contains compatibility/legacy/deprecation markers.
benchmarks/performance_current.json,configuration,3063,130,benchmarks,dev,0,0,,,false,false,false,false,false,false,,Reproducible performance measurement.,active_or_unconfirmed,KEEP,,0.75,No confirmed replacement or deletion evidence.
dist-modern/terralab-0.1.0-py3-none-any.whl,whl,800624,3083,dist-modern,repository,0,0,,,false,false,false,false,false,false,,Repository support or data file.,active_or_unconfirmed,KEEP,,0.75,No confirmed replacement or deletion evidence.
dist-modern/terralab-0.1.0.tar.gz,binary,819663,0,dist-modern,repository,0,0,,,false,false,false,false,false,false,,Repository support or data file.,active_or_unconfirmed,REVIEW_BINARY,,0.90,Binary/data asset requires consumer and packaging review.
docs/architecture/decisions/ADR-001-canonical-ui-runtime.md,documentation,986,30,docs,dev,0,0,,,false,false,false,false,false,false,,Project documentation or architecture evidence.,compatibility_risk,REFACTOR_IN_PLACE,,0.72,Contains compatibility/legacy/deprecation markers.
docs/architecture/decisions/ADR-002-terrain-boundaries.md,documentation,1031,36,docs,dev,0,0,,,false,false,false,false,false,false,,Project documentation or architecture evidence.,active_or_unconfirmed,KEEP,,0.75,No confirmed replacement or deletion evidence.
docs/architecture/decisions/ADR-003-runtime-data-library.md,documentation,940,29,docs,dev,0,0,,,false,false,false,false,false,false,,Project documentation or architecture evidence.,active_or_unconfirmed,KEEP,,0.75,No confirmed replacement or deletion evidence.
docs/architecture/decisions/ADR-004-gaia-storage.md,documentation,821,27,docs,dev,0,0,,,false,false,false,false,false,false,,Project documentation or architecture evidence.,active_or_unconfirmed,KEEP,,0.75,No confirmed replacement or deletion evidence.
docs/architecture/decisions/ADR-005-profile-schema.md,documentation,848,28,docs,dev,0,0,,,false,false,false,false,false,false,,Project documentation or architecture evidence.,active_or_unconfirmed,KEEP,,0.75,No confirmed replacement or deletion evidence.
docs/architecture/mvc_file_roles.json,configuration,76887,2112,docs,dev,0,0,,,false,false,false,false,false,false,,Project documentation or architecture evidence.,active_or_unconfirmed,KEEP,,0.75,No confirmed replacement or deletion evidence.
docs/architecture/refactor_baseline_benchmarks.json,configuration,2518,94,docs,dev,0,0,,,false,false,false,false,false,false,,Project documentation or architecture evidence.,active_or_unconfirmed,KEEP,,0.75,No confirmed replacement or deletion evidence.
docs/architecture/refactor_coverage.json,configuration,1787255,1,docs,dev,0,0,,,false,false,false,false,false,false,,Project documentation or architecture evidence.,active_or_unconfirmed,KEEP,,0.75,No confirmed replacement or deletion evidence.
docs/architecture/refactor_dead_code_candidates.json,configuration,721195,19872,docs,dev,0,0,,,true,false,false,false,false,false,,Project documentation or architecture evidence.,compatibility_risk,REFACTOR_IN_PLACE,,0.72,Contains compatibility/legacy/deprecation markers.
docs/architecture/refactor_dependency_graph.json,configuration,105774,3596,docs,dev,0,0,,,false,false,false,false,false,false,,Project documentation or architecture evidence.,active_or_unconfirmed,KEEP,,0.75,No confirmed replacement or deletion evidence.
docs/architecture/refactor_file_inventory.csv,csv,202487,411,docs,dev,0,0,,,false,false,false,false,false,false,,Project documentation or architecture evidence.,compatibility_risk,REFACTOR_IN_PLACE,,0.72,Contains compatibility/legacy/deprecation markers.
docs/architecture/refactor_final_report.md,documentation,22820,384,docs,dev,0,0,,,false,false,true,false,false,false,,Project documentation or architecture evidence.,compatibility_risk,REFACTOR_IN_PLACE,,0.72,Contains compatibility/legacy/deprecation markers.
docs/architecture/refactor_pyright_baseline.json,configuration,291,10,docs,dev,0,0,,,false,false,false,false,false,false,,Project documentation or architecture evidence.,active_or_unconfirmed,KEEP,,0.75,No confirmed replacement or deletion evidence.
docs/architecture/refactor_symbol_inventory.json,configuration,3812152,120463,docs,dev,0,0,,,true,false,true,false,false,true,,Project documentation or architecture evidence.,active_or_unconfirmed,KEEP,,0.75,No confirmed replacement or deletion evidence.
docs/architecture/review_bundle/artifact_manifest.md,documentation,1833,39,docs,dev,0,0,,,false,false,false,false,false,false,,Project documentation or architecture evidence.,active_or_unconfirmed,KEEP,,0.75,No confirmed replacement or deletion evidence.
docs/architecture/review_bundle/audit_readmes.py,python,5125,150,docs,dev,0,0,audit_links;exact_case_exists;main;normalized_body,,false,false,true,false,false,false,,Project documentation or architecture evidence.,active_or_unconfirmed,KEEP,,0.75,No confirmed replacement or deletion evidence.
docs/architecture/review_bundle/external_install/00_create_wheel_venv.meta.txt,documentation,339,7,docs,dev,0,0,,,false,false,false,false,false,false,,Project documentation or architecture evidence.,active_or_unconfirmed,KEEP,,0.75,No confirmed replacement or deletion evidence.
docs/architecture/review_bundle/external_install/00_create_wheel_venv.stderr.txt,documentation,0,0,docs,dev,0,0,,,false,false,false,false,false,false,,Project documentation or architecture evidence.,active_or_unconfirmed,KEEP,,0.75,No confirmed replacement or deletion evidence.
docs/architecture/review_bundle/external_install/00_create_wheel_venv.stdout.txt,documentation,0,0,docs,dev,0,0,,,false,false,false,false,false,false,,Project documentation or architecture evidence.,active_or_unconfirmed,KEEP,,0.75,No confirmed replacement or deletion evidence.
docs/architecture/review_bundle/external_install/01_install_wheel.meta.txt,documentation,395,7,docs,dev,0,0,,,false,false,false,false,false,false,,Project documentation or architecture evidence.,active_or_unconfirmed,KEEP,,0.75,No confirmed replacement or deletion evidence.
docs/architecture/review_bundle/external_install/01_install_wheel.stderr.txt,documentation,199,3,docs,dev,0,0,,,false,false,false,false,false,false,,Project documentation or architecture evidence.,active_or_unconfirmed,KEEP,,0.75,No confirmed replacement or deletion evidence.
docs/architecture/review_bundle/external_install/01_install_wheel.stdout.txt,documentation,15378,207,docs,dev,0,0,,,false,false,true,false,false,true,,Project documentation or architecture evidence.,active_or_unconfirmed,KEEP,,0.75,No confirmed replacement or deletion evidence.
docs/architecture/review_bundle/external_install/02_import_location.meta.txt,documentation,356,7,docs,dev,0,0,,,false,false,false,false,false,false,,Project documentation or architecture evidence.,active_or_unconfirmed,KEEP,,0.75,No confirmed replacement or deletion evidence.
docs/architecture/review_bundle/external_install/02_import_location.stderr.txt,documentation,0,0,docs,dev,0,0,,,false,false,false,false,false,false,,Project documentation or architecture evidence.,active_or_unconfirmed,KEEP,,0.75,No confirmed replacement or deletion evidence.
docs/architecture/review_bundle/external_install/02_import_location.stdout.txt,documentation,103,1,docs,dev,0,0,,,false,false,false,false,false,false,,Project documentation or architecture evidence.,active_or_unconfirmed,KEEP,,0.75,No confirmed replacement or deletion evidence.
docs/architecture/review_bundle/external_install/03_terralab_help.meta.txt,documentation,318,7,docs,dev,0,0,,,false,false,false,false,false,false,,Project documentation or architecture evidence.,active_or_unconfirmed,KEEP,,0.75,No confirmed replacement or deletion evidence.
docs/architecture/review_bundle/external_install/03_terralab_help.stderr.txt,documentation,0,0,docs,dev,0,0,,,false,false,false,false,false,false,,Project documentation or architecture evidence.,active_or_unconfirmed,KEEP,,0.75,No confirmed replacement or deletion evidence.
docs/architecture/review_bundle/external_install/03_terralab_help.stdout.txt,documentation,198,7,docs,dev,0,0,,,false,false,false,false,false,false,,Project documentation or architecture evidence.,active_or_unconfirmed,KEEP,,0.75,No confirmed replacement or deletion evidence.
docs/architecture/review_bundle/external_install/04_terralab-query-elevation_help.meta.txt,documentation,334,7,docs,dev,0,0,,,false,false,false,false,false,false,,Project documentation or architecture evidence.,active_or_unconfirmed,KEEP,,0.75,No confirmed replacement or deletion evidence.
docs/architecture/review_bundle/external_install/04_terralab-query-elevation_help.stderr.txt,documentation,0,0,docs,dev,0,0,,,false,false,false,false,false,false,,Project documentation or architecture evidence.,active_or_unconfirmed,KEEP,,0.75,No confirmed replacement or deletion evidence.
docs/architecture/review_bundle/external_install/04_terralab-query-elevation_help.stdout.txt,documentation,854,21,docs,dev,0,0,,,false,false,false,false,false,false,,Project documentation or architecture evidence.,active_or_unconfirmed,KEEP,,0.75,No confirmed replacement or deletion evidence.
docs/architecture/review_bundle/external_install/05_terralab-gaia_help.meta.txt,documentation,322,7,docs,dev,0,0,,,false,false,false,false,false,false,,Project documentation or architecture evidence.,active_or_unconfirmed,KEEP,,0.75,No confirmed replacement or deletion evidence.
docs/architecture/review_bundle/external_install/05_terralab-gaia_help.stderr.txt,documentation,0,0,docs,dev,0,0,,,false,false,false,false,false,false,,Project documentation or architecture evidence.,active_or_unconfirmed,KEEP,,0.75,No confirmed replacement or deletion evidence.
docs/architecture/review_bundle/external_install/05_terralab-gaia_help.stdout.txt,documentation,965,24,docs,dev,0,0,,,false,false,true,false,false,false,,Project documentation or architecture evidence.,active_or_unconfirmed,KEEP,,0.75,No confirmed replacement or deletion evidence.
docs/architecture/review_bundle/external_install/06_terralab-dvnl-preprocess_help.meta.txt,documentation,334,7,docs,dev,0,0,,,false,false,false,false,false,false,,Project documentation or architecture evidence.,active_or_unconfirmed,KEEP,,0.75,No confirmed replacement or deletion evidence.
docs/architecture/review_bundle/external_install/06_terralab-dvnl-preprocess_help.stderr.txt,documentation,0,0,docs,dev,0,0,,,false,false,false,false,false,false,,Project documentation or architecture evidence.,active_or_unconfirmed,KEEP,,0.75,No confirmed replacement or deletion evidence.
docs/architecture/review_bundle/external_install/06_terralab-dvnl-preprocess_help.stdout.txt,documentation,249,10,docs,dev,0,0,,,false,false,false,false,false,false,,Project documentation or architecture evidence.,active_or_unconfirmed,KEEP,,0.75,No confirmed replacement or deletion evidence.
docs/architecture/review_bundle/external_install/07_terralab-dvnl-convolve_help.meta.txt,documentation,332,7,docs,dev,0,0,,,false,false,false,false,false,false,,Project documentation or architecture evidence.,active_or_unconfirmed,KEEP,,0.75,No confirmed replacement or deletion evidence.
docs/architecture/review_bundle/external_install/07_terralab-dvnl-convolve_help.stderr.txt,documentation,0,0,docs,dev,0,0,,,false,false,false,false,false,false,,Project documentation or architecture evidence.,active_or_unconfirmed,KEEP,,0.75,No confirmed replacement or deletion evidence.
docs/architecture/review_bundle/external_install/07_terralab-dvnl-convolve_help.stdout.txt,documentation,508,18,docs,dev,0,0,,,false,false,false,false,false,false,,Project documentation or architecture evidence.,active_or_unconfirmed,KEEP,,0.75,No confirmed replacement or deletion evidence.
docs/architecture/review_bundle/external_install/08_terralab-predict-sqm_help.meta.txt,documentation,330,7,docs,dev,0,0,,,false,false,false,false,false,false,,Project documentation or architecture evidence.,active_or_unconfirmed,KEEP,,0.75,No confirmed replacement or deletion evidence.
docs/architecture/review_bundle/external_install/08_terralab-predict-sqm_help.stderr.txt,documentation,0,0,docs,dev,0,0,,,false,false,false,false,false,false,,Project documentation or architecture evidence.,active_or_unconfirmed,KEEP,,0.75,No confirmed replacement or deletion evidence.
docs/architecture/review_bundle/external_install/08_terralab-predict-sqm_help.stdout.txt,documentation,308,13,docs,dev,0,0,,,false,false,false,false,false,false,,Project documentation or architecture evidence.,active_or_unconfirmed,KEEP,,0.75,No confirmed replacement or deletion evidence.
docs/architecture/review_bundle/external_install/09_terralab-calibrate-sqm_help.meta.txt,documentation,332,7,docs,dev,0,0,,,false,false,false,false,false,false,,Project documentation or architecture evidence.,active_or_unconfirmed,KEEP,,0.75,No confirmed replacement or deletion evidence.
docs/architecture/review_bundle/external_install/09_terralab-calibrate-sqm_help.stderr.txt,documentation,0,0,docs,dev,0,0,,,false,false,false,false,false,false,,Project documentation or architecture evidence.,active_or_unconfirmed,KEEP,,0.75,No confirmed replacement or deletion evidence.
docs/architecture/review_bundle/external_install/09_terralab-calibrate-sqm_help.stdout.txt,documentation,174,10,docs,dev,0,0,,,false,false,false,false,false,false,,Project documentation or architecture evidence.,active_or_unconfirmed,KEEP,,0.75,No confirmed replacement or deletion evidence.
docs/architecture/review_bundle/external_install/10_installed_widget_offscreen.meta.txt,documentation,392,7,docs,dev,0,0,,,false,false,false,false,false,false,,Project documentation or architecture evidence.,active_or_unconfirmed,KEEP,,0.75,No confirmed replacement or deletion evidence.
docs/architecture/review_bundle/external_install/10_installed_widget_offscreen.stderr.txt,documentation,0,0,docs,dev,0,0,,,false,false,false,false,false,false,,Project documentation or architecture evidence.,active_or_unconfirmed,KEEP,,0.75,No confirmed replacement or deletion evidence.
docs/architecture/review_bundle/external_install/10_installed_widget_offscreen.stdout.txt,documentation,1193,31,docs,dev,0,0,,,false,false,false,false,false,false,,Project documentation or architecture evidence.,active_or_unconfirmed,KEEP,,0.75,No confirmed replacement or deletion evidence.
docs/architecture/review_bundle/git/branch.txt,documentation,9,1,docs,dev,0,0,,,false,false,false,false,false,false,,Project documentation or architecture evidence.,active_or_unconfirmed,KEEP,,0.75,No confirmed replacement or deletion evidence.
docs/architecture/review_bundle/git/diff_check.txt,documentation,1793,16,docs,dev,0,0,,,false,false,false,false,false,false,,Project documentation or architecture evidence.,active_or_unconfirmed,KEEP,,0.75,No confirmed replacement or deletion evidence.
docs/architecture/review_bundle/git/final_status_short.txt,documentation,1791,51,docs,dev,0,0,,,false,false,false,false,false,false,,Project documentation or architecture evidence.,active_or_unconfirmed,KEEP,,0.75,No confirmed replacement or deletion evidence.
docs/architecture/review_bundle/git/head.txt,documentation,41,1,docs,dev,0,0,,,false,false,false,false,false,false,,Project documentation or architecture evidence.,active_or_unconfirmed,KEEP,,0.75,No confirmed replacement or deletion evidence.
docs/architecture/review_bundle/git/index_name_status.txt,documentation,59,1,docs,dev,0,0,,,false,false,false,false,false,false,,Project documentation or architecture evidence.,active_or_unconfirmed,KEEP,,0.75,No confirmed replacement or deletion evidence.
docs/architecture/review_bundle/git/index_stat.txt,documentation,96,2,docs,dev,0,0,,,false,false,false,false,false,false,,Project documentation or architecture evidence.,active_or_unconfirmed,KEEP,,0.75,No confirmed replacement or deletion evidence.
docs/architecture/review_bundle/git/origin_refactor.txt,documentation,41,1,docs,dev,0,0,,,false,false,false,false,false,false,,Project documentation or architecture evidence.,active_or_unconfirmed,KEEP,,0.75,No confirmed replacement or deletion evidence.
docs/architecture/review_bundle/git/status_short.txt,documentation,1633,47,docs,dev,0,0,,,false,false,false,false,false,false,,Project documentation or architecture evidence.,active_or_unconfirmed,KEEP,,0.75,No confirmed replacement or deletion evidence.
docs/architecture/review_bundle/git/working_tree_name_status.txt,documentation,644,18,docs,dev,0,0,,,false,false,false,false,false,false,,Project documentation or architecture evidence.,active_or_unconfirmed,KEEP,,0.75,No confirmed replacement or deletion evidence.
docs/architecture/review_bundle/git/working_tree_stat.txt,documentation,1141,19,docs,dev,0,0,,,false,false,false,false,false,false,,Project documentation or architecture evidence.,active_or_unconfirmed,KEEP,,0.75,No confirmed replacement or deletion evidence.
docs/architecture/review_bundle/installed_widget_smoke.py,python,4001,123,docs,dev,0,2,main,,false,false,false,true,false,true,,Project documentation or architecture evidence.,active_or_unconfirmed,KEEP,,0.75,No confirmed replacement or deletion evidence.
docs/architecture/review_bundle/local_review_report.md,documentation,16268,292,docs,dev,0,0,,,false,false,false,false,false,false,,Project documentation or architecture evidence.,active_or_unconfirmed,KEEP,,0.75,No confirmed replacement or deletion evidence.
docs/architecture/review_bundle/patch_manifest.md,documentation,1366,25,docs,dev,0,0,,,false,false,false,false,false,false,,Project documentation or architecture evidence.,active_or_unconfirmed,KEEP,,0.75,No confirmed replacement or deletion evidence.
docs/architecture/review_bundle/patches/refactor_closure_complete.patch,patch,100174,2523,docs,dev,0,0,,,true,false,true,true,true,true,,Project documentation or architecture evidence.,compatibility_risk,REFACTOR_IN_PLACE,,0.72,Contains compatibility/legacy/deprecation markers.
docs/architecture/review_bundle/patches/refactor_closure_complete_tracked_only.patch,patch,72288,1793,docs,dev,0,0,,,true,false,true,true,true,true,,Project documentation or architecture evidence.,compatibility_risk,REFACTOR_IN_PLACE,,0.72,Contains compatibility/legacy/deprecation markers.
docs/architecture/review_bundle/patches/refactor_closure_staged.patch,patch,167,4,docs,dev,0,0,,,false,false,false,false,false,false,,Project documentation or architecture evidence.,active_or_unconfirmed,KEEP,,0.75,No confirmed replacement or deletion evidence.
docs/architecture/review_bundle/patches/refactor_closure_unstaged.patch,patch,72121,1789,docs,dev,0,0,,,true,false,true,true,true,true,,Project documentation or architecture evidence.,compatibility_risk,REFACTOR_IN_PLACE,,0.72,Contains compatibility/legacy/deprecation markers.
docs/architecture/review_bundle/run_logged_command.ps1,ps1,2396,76,docs,dev,0,0,,,false,false,false,false,false,false,,Project documentation or architecture evidence.,active_or_unconfirmed,KEEP,,0.75,No confirmed replacement or deletion evidence.
docs/architecture/review_bundle/shutdown_regressions.md,documentation,2108,24,docs,dev,0,0,,,false,false,false,false,false,false,,Project documentation or architecture evidence.,active_or_unconfirmed,KEEP,,0.75,No confirmed replacement or deletion evidence.
docs/architecture/review_bundle/surface_regressions.md,documentation,1698,23,docs,dev,0,0,,,false,false,false,false,false,false,,Project documentation or architecture evidence.,active_or_unconfirmed,KEEP,,0.75,No confirmed replacement or deletion evidence.
docs/architecture/review_bundle/test_shutdown_additional_scenarios.py,python,3107,99,docs,dev,0,2,test_close_during_preview_file_generation;test_close_during_surface_cache_generation,,true,false,false,true,false,true,,Project documentation or architecture evidence.,active_or_unconfirmed,KEEP,,0.75,No confirmed replacement or deletion evidence.
docs/architecture/review_bundle/validation/00_create_venv.meta.txt,documentation,339,7,docs,dev,0,0,,,false,false,false,false,false,false,,Project documentation or architecture evidence.,active_or_unconfirmed,KEEP,,0.75,No confirmed replacement or deletion evidence.
docs/architecture/review_bundle/validation/00_create_venv.stderr.txt,documentation,0,0,docs,dev,0,0,,,false,false,false,false,false,false,,Project documentation or architecture evidence.,active_or_unconfirmed,KEEP,,0.75,No confirmed replacement or deletion evidence.
docs/architecture/review_bundle/validation/00_create_venv.stdout.txt,documentation,0,0,docs,dev,0,0,,,false,false,false,false,false,false,,Project documentation or architecture evidence.,active_or_unconfirmed,KEEP,,0.75,No confirmed replacement or deletion evidence.
docs/architecture/review_bundle/validation/01_pip_upgrade.meta.txt,documentation,335,7,docs,dev,0,0,,,false,false,false,false,false,false,,Project documentation or architecture evidence.,active_or_unconfirmed,KEEP,,0.75,No confirmed replacement or deletion evidence.
docs/architecture/review_bundle/validation/01_pip_upgrade.stderr.txt,documentation,0,0,docs,dev,0,0,,,false,false,false,false,false,false,,Project documentation or architecture evidence.,active_or_unconfirmed,KEEP,,0.75,No confirmed replacement or deletion evidence.
docs/architecture/review_bundle/validation/01_pip_upgrade.stdout.txt,documentation,468,10,docs,dev,0,0,,,false,false,false,false,false,false,,Project documentation or architecture evidence.,active_or_unconfirmed,KEEP,,0.75,No confirmed replacement or deletion evidence.
docs/architecture/review_bundle/validation/02_pip_install_editable_dev.meta.txt,documentation,335,7,docs,dev,0,0,,,false,false,false,false,false,false,,Project documentation or architecture evidence.,active_or_unconfirmed,KEEP,,0.75,No confirmed replacement or deletion evidence.
docs/architecture/review_bundle/validation/02_pip_install_editable_dev.stderr.txt,documentation,0,0,docs,dev,0,0,,,false,false,false,false,false,false,,Project documentation or architecture evidence.,active_or_unconfirmed,KEEP,,0.75,No confirmed replacement or deletion evidence.
docs/architecture/review_bundle/validation/02_pip_install_editable_dev.stdout.txt,documentation,21049,285,docs,dev,0,0,,,false,false,true,false,false,true,,Project documentation or architecture evidence.,active_or_unconfirmed,KEEP,,0.75,No confirmed replacement or deletion evidence.
docs/architecture/review_bundle/validation/02b_pip_install_after_toolchain_fix.meta.txt,documentation,333,7,docs,dev,0,0,,,false,false,false,false,false,false,,Project documentation or architecture evidence.,active_or_unconfirmed,KEEP,,0.75,No confirmed replacement or deletion evidence.
docs/architecture/review_bundle/validation/02b_pip_install_after_toolchain_fix.stderr.txt,documentation,120,2,docs,dev,0,0,,,false,false,false,false,false,false,,Project documentation or architecture evidence.,active_or_unconfirmed,KEEP,,0.75,No confirmed replacement or deletion evidence.
docs/architecture/review_bundle/validation/02b_pip_install_after_toolchain_fix.stdout.txt,documentation,16742,117,docs,dev,0,0,,,false,false,true,false,false,true,,Project documentation or architecture evidence.,active_or_unconfirmed,KEEP,,0.75,No confirmed replacement or deletion evidence.
docs/architecture/review_bundle/validation/03_compileall.meta.txt,documentation,338,7,docs,dev,0,0,,,false,false,false,false,false,false,,Project documentation or architecture evidence.,active_or_unconfirmed,KEEP,,0.75,No confirmed replacement or deletion evidence.
docs/architecture/review_bundle/validation/03_compileall.stderr.txt,documentation,0,0,docs,dev,0,0,,,false,false,false,false,false,false,,Project documentation or architecture evidence.,active_or_unconfirmed,KEEP,,0.75,No confirmed replacement or deletion evidence.
docs/architecture/review_bundle/validation/03_compileall.stdout.txt,documentation,0,0,docs,dev,0,0,,,false,false,false,false,false,false,,Project documentation or architecture evidence.,active_or_unconfirmed,KEEP,,0.75,No confirmed replacement or deletion evidence.
docs/architecture/review_bundle/validation/04_pytest_collect.meta.txt,documentation,334,7,docs,dev,0,0,,,false,false,false,false,false,false,,Project documentation or architecture evidence.,active_or_unconfirmed,KEEP,,0.75,No confirmed replacement or deletion evidence.
docs/architecture/review_bundle/validation/04_pytest_collect.stderr.txt,documentation,0,0,docs,dev,0,0,,,false,false,false,false,false,false,,Project documentation or architecture evidence.,active_or_unconfirmed,KEEP,,0.75,No confirmed replacement or deletion evidence.
docs/architecture/review_bundle/validation/04_pytest_collect.stdout.txt,documentation,53433,568,docs,dev,0,0,,,false,false,false,false,false,false,,Project documentation or architecture evidence.,active_or_unconfirmed,KEEP,,0.75,No confirmed replacement or deletion evidence.
docs/architecture/review_bundle/validation/05_pytest_full.meta.txt,documentation,320,7,docs,dev,0,0,,,false,false,false,false,false,false,,Project documentation or architecture evidence.,active_or_unconfirmed,KEEP,,0.75,No confirmed replacement or deletion evidence.
docs/architecture/review_bundle/validation/05_pytest_full.stderr.txt,documentation,0,0,docs,dev,0,0,,,false,false,false,false,false,false,,Project documentation or architecture evidence.,active_or_unconfirmed,KEEP,,0.75,No confirmed replacement or deletion evidence.
docs/architecture/review_bundle/validation/05_pytest_full.stdout.txt,documentation,7546,84,docs,dev,0,0,,,false,false,true,false,false,false,,Project documentation or architecture evidence.,compatibility_risk,REFACTOR_IN_PLACE,,0.72,Contains compatibility/legacy/deprecation markers.
docs/architecture/review_bundle/validation/06_ruff.meta.txt,documentation,364,7,docs,dev,0,0,,,false,false,false,false,false,false,,Project documentation or architecture evidence.,active_or_unconfirmed,KEEP,,0.75,No confirmed replacement or deletion evidence.
docs/architecture/review_bundle/validation/06_ruff.stderr.txt,documentation,0,0,docs,dev,0,0,,,false,false,false,false,false,false,,Project documentation or architecture evidence.,active_or_unconfirmed,KEEP,,0.75,No confirmed replacement or deletion evidence.
docs/architecture/review_bundle/validation/06_ruff.stdout.txt,documentation,1108829,32428,docs,dev,0,0,,,true,false,true,true,false,true,,Project documentation or architecture evidence.,compatibility_risk,REFACTOR_IN_PLACE,,0.72,Contains compatibility/legacy/deprecation markers.
docs/architecture/review_bundle/validation/06b_ruff_pinned.meta.txt,documentation,364,7,docs,dev,0,0,,,false,false,false,false,false,false,,Project documentation or architecture evidence.,active_or_unconfirmed,KEEP,,0.75,No confirmed replacement or deletion evidence.
docs/architecture/review_bundle/validation/06b_ruff_pinned.stderr.txt,documentation,0,0,docs,dev,0,0,,,false,false,false,false,false,false,,Project documentation or architecture evidence.,active_or_unconfirmed,KEEP,,0.75,No confirmed replacement or deletion evidence.
docs/architecture/review_bundle/validation/06b_ruff_pinned.stdout.txt,documentation,19,1,docs,dev,0,0,,,false,false,false,false,false,false,,Project documentation or architecture evidence.,active_or_unconfirmed,KEEP,,0.75,No confirmed replacement or deletion evidence.
docs/architecture/review_bundle/validation/07_vulture.meta.txt,documentation,354,7,docs,dev,0,0,,,false,false,false,false,false,false,,Project documentation or architecture evidence.,active_or_unconfirmed,KEEP,,0.75,No confirmed replacement or deletion evidence.
docs/architecture/review_bundle/validation/07_vulture.stderr.txt,documentation,0,0,docs,dev,0,0,,,false,false,false,false,false,false,,Project documentation or architecture evidence.,active_or_unconfirmed,KEEP,,0.75,No confirmed replacement or deletion evidence.
docs/architecture/review_bundle/validation/07_vulture.stdout.txt,documentation,0,0,docs,dev,0,0,,,false,false,false,false,false,false,,Project documentation or architecture evidence.,active_or_unconfirmed,KEEP,,0.75,No confirmed replacement or deletion evidence.
docs/architecture/review_bundle/validation/08_pyright_baseline.meta.txt,documentation,343,7,docs,dev,0,0,,,false,false,false,false,false,false,,Project documentation or architecture evidence.,active_or_unconfirmed,KEEP,,0.75,No confirmed replacement or deletion evidence.
docs/architecture/review_bundle/validation/08_pyright_baseline.stderr.txt,documentation,0,0,docs,dev,0,0,,,false,false,false,false,false,false,,Project documentation or architecture evidence.,active_or_unconfirmed,KEEP,,0.75,No confirmed replacement or deletion evidence.
docs/architecture/review_bundle/validation/08_pyright_baseline.stdout.txt,documentation,53,1,docs,dev,0,0,,,false,false,false,false,false,false,,Project documentation or architecture evidence.,active_or_unconfirmed,KEEP,,0.75,No confirmed replacement or deletion evidence.
docs/architecture/review_bundle/validation/08b_pyright_focused.meta.txt,documentation,465,7,docs,dev,0,0,,,false,false,false,false,false,false,,Project documentation or architecture evidence.,active_or_unconfirmed,KEEP,,0.75,No confirmed replacement or deletion evidence.
docs/architecture/review_bundle/validation/08b_pyright_focused.stderr.txt,documentation,0,0,docs,dev,0,0,,,false,false,false,false,false,false,,Project documentation or architecture evidence.,active_or_unconfirmed,KEEP,,0.75,No confirmed replacement or deletion evidence.
docs/architecture/review_bundle/validation/08b_pyright_focused.stdout.txt,documentation,251,13,docs,dev,0,0,,,false,false,false,false,false,false,,Project documentation or architecture evidence.,active_or_unconfirmed,KEEP,,0.75,No confirmed replacement or deletion evidence.
docs/architecture/review_bundle/validation/09_code_inventory.meta.txt,documentation,335,7,docs,dev,0,0,,,false,false,false,false,false,false,,Project documentation or architecture evidence.,active_or_unconfirmed,KEEP,,0.75,No confirmed replacement or deletion evidence.
docs/architecture/review_bundle/validation/09_code_inventory.stderr.txt,documentation,0,0,docs,dev,0,0,,,false,false,false,false,false,false,,Project documentation or architecture evidence.,active_or_unconfirmed,KEEP,,0.75,No confirmed replacement or deletion evidence.
docs/architecture/review_bundle/validation/09_code_inventory.stdout.txt,documentation,248,9,docs,dev,0,0,,,false,false,false,false,false,false,,Project documentation or architecture evidence.,active_or_unconfirmed,KEEP,,0.75,No confirmed replacement or deletion evidence.
docs/architecture/review_bundle/validation/10_build.meta.txt,documentation,316,7,docs,dev,0,0,,,false,false,false,false,false,false,,Project documentation or architecture evidence.,active_or_unconfirmed,KEEP,,0.75,No confirmed replacement or deletion evidence.
docs/architecture/review_bundle/validation/10_build.stderr.txt,documentation,415,13,docs,dev,0,0,,,false,false,false,false,false,false,,Project documentation or architecture evidence.,active_or_unconfirmed,KEEP,,0.75,No confirmed replacement or deletion evidence.
docs/architecture/review_bundle/validation/10_build.stdout.txt,documentation,83410,1137,docs,dev,0,0,,,false,false,false,false,false,false,,Project documentation or architecture evidence.,active_or_unconfirmed,KEEP,,0.75,No confirmed replacement or deletion evidence.
docs/architecture/review_bundle/validation/11_surface_regressions.meta.txt,documentation,930,7,docs,dev,0,0,,,false,false,false,false,false,false,,Project documentation or architecture evidence.,active_or_unconfirmed,KEEP,,0.75,No confirmed replacement or deletion evidence.
docs/architecture/review_bundle/validation/11_surface_regressions.stderr.txt,documentation,0,0,docs,dev,0,0,,,false,false,false,false,false,false,,Project documentation or architecture evidence.,active_or_unconfirmed,KEEP,,0.75,No confirmed replacement or deletion evidence.
docs/architecture/review_bundle/validation/11_surface_regressions.stdout.txt,documentation,100,2,docs,dev,0,0,,,false,false,false,false,false,false,,Project documentation or architecture evidence.,active_or_unconfirmed,KEEP,,0.75,No confirmed replacement or deletion evidence.
docs/architecture/review_bundle/validation/12_shutdown_regressions.meta.txt,documentation,1112,7,docs,dev,0,0,,,false,false,false,false,false,false,,Project documentation or architecture evidence.,active_or_unconfirmed,KEEP,,0.75,No confirmed replacement or deletion evidence.
docs/architecture/review_bundle/validation/12_shutdown_regressions.stderr.txt,documentation,0,0,docs,dev,0,0,,,false,false,false,false,false,false,,Project documentation or architecture evidence.,active_or_unconfirmed,KEEP,,0.75,No confirmed replacement or deletion evidence.
docs/architecture/review_bundle/validation/12_shutdown_regressions.stdout.txt,documentation,1041,12,docs,dev,0,0,,,false,false,false,false,false,false,,Project documentation or architecture evidence.,active_or_unconfirmed,KEEP,,0.75,No confirmed replacement or deletion evidence.
docs/architecture/review_bundle/validation/12b_shutdown_cache_preview.meta.txt,documentation,438,7,docs,dev,0,0,,,false,false,false,false,false,false,,Project documentation or architecture evidence.,active_or_unconfirmed,KEEP,,0.75,No confirmed replacement or deletion evidence.
docs/architecture/review_bundle/validation/12b_shutdown_cache_preview.stderr.txt,documentation,0,0,docs,dev,0,0,,,false,false,false,false,false,false,,Project documentation or architecture evidence.,active_or_unconfirmed,KEEP,,0.75,No confirmed replacement or deletion evidence.
docs/architecture/review_bundle/validation/12b_shutdown_cache_preview.stdout.txt,documentation,0,0,docs,dev,0,0,,,false,false,false,false,false,false,,Project documentation or architecture evidence.,active_or_unconfirmed,KEEP,,0.75,No confirmed replacement or deletion evidence.
docs/architecture/review_bundle/validation/12c_shutdown_cache_preview.meta.txt,documentation,428,7,docs,dev,0,0,,,false,false,false,false,false,false,,Project documentation or architecture evidence.,active_or_unconfirmed,KEEP,,0.75,No confirmed replacement or deletion evidence.
docs/architecture/review_bundle/validation/12c_shutdown_cache_preview.stderr.txt,documentation,0,0,docs,dev,0,0,,,false,false,false,false,false,false,,Project documentation or architecture evidence.,active_or_unconfirmed,KEEP,,0.75,No confirmed replacement or deletion evidence.
docs/architecture/review_bundle/validation/12c_shutdown_cache_preview.stdout.txt,documentation,638,8,docs,dev,0,0,,,false,false,false,false,false,false,,Project documentation or architecture evidence.,active_or_unconfirmed,KEEP,,0.75,No confirmed replacement or deletion evidence.
docs/architecture/review_bundle/validation/13a_gaia_repo_cwd.meta.txt,documentation,358,7,docs,dev,0,0,,,false,false,false,false,false,false,,Project documentation or architecture evidence.,active_or_unconfirmed,KEEP,,0.75,No confirmed replacement or deletion evidence.
docs/architecture/review_bundle/validation/13a_gaia_repo_cwd.stderr.txt,documentation,0,0,docs,dev,0,0,,,false,false,false,false,false,false,,Project documentation or architecture evidence.,active_or_unconfirmed,KEEP,,0.75,No confirmed replacement or deletion evidence.
docs/architecture/review_bundle/validation/13a_gaia_repo_cwd.stdout.txt,documentation,100,2,docs,dev,0,0,,,false,false,false,false,false,false,,Project documentation or architecture evidence.,active_or_unconfirmed,KEEP,,0.75,No confirmed replacement or deletion evidence.
docs/architecture/review_bundle/validation/13b_gaia_empty_cwd.meta.txt,documentation,414,7,docs,dev,0,0,,,false,false,false,false,false,false,,Project documentation or architecture evidence.,active_or_unconfirmed,KEEP,,0.75,No confirmed replacement or deletion evidence.
docs/architecture/review_bundle/validation/13b_gaia_empty_cwd.stderr.txt,documentation,0,0,docs,dev,0,0,,,false,false,false,false,false,false,,Project documentation or architecture evidence.,active_or_unconfirmed,KEEP,,0.75,No confirmed replacement or deletion evidence.
docs/architecture/review_bundle/validation/13b_gaia_empty_cwd.stdout.txt,documentation,100,2,docs,dev,0,0,,,false,false,false,false,false,false,,Project documentation or architecture evidence.,active_or_unconfirmed,KEEP,,0.75,No confirmed replacement or deletion evidence.
docs/architecture/review_bundle/validation/13c_gaia_fake_manifest_cwd.meta.txt,documentation,413,7,docs,dev,0,0,,,false,false,false,false,false,false,,Project documentation or architecture evidence.,active_or_unconfirmed,KEEP,,0.75,No confirmed replacement or deletion evidence.
docs/architecture/review_bundle/validation/13c_gaia_fake_manifest_cwd.stderr.txt,documentation,0,0,docs,dev,0,0,,,false,false,false,false,false,false,,Project documentation or architecture evidence.,active_or_unconfirmed,KEEP,,0.75,No confirmed replacement or deletion evidence.
docs/architecture/review_bundle/validation/13c_gaia_fake_manifest_cwd.stdout.txt,documentation,100,2,docs,dev,0,0,,,false,false,false,false,false,false,,Project documentation or architecture evidence.,active_or_unconfirmed,KEEP,,0.75,No confirmed replacement or deletion evidence.
docs/architecture/review_bundle/validation/14_readme_audit.meta.txt,documentation,440,7,docs,dev,0,0,,,false,false,false,false,false,false,,Project documentation or architecture evidence.,active_or_unconfirmed,KEEP,,0.75,No confirmed replacement or deletion evidence.
docs/architecture/review_bundle/validation/14_readme_audit.stderr.txt,documentation,0,0,docs,dev,0,0,,,false,false,false,false,false,false,,Project documentation or architecture evidence.,active_or_unconfirmed,KEEP,,0.75,No confirmed replacement or deletion evidence.
docs/architecture/review_bundle/validation/14_readme_audit.stdout.txt,documentation,24209,873,docs,dev,0,0,,,false,false,false,false,false,false,,Project documentation or architecture evidence.,active_or_unconfirmed,KEEP,,0.75,No confirmed replacement or deletion evidence.
docs/architecture/review_bundle/validation/15_static_invariants.meta.txt,documentation,685,7,docs,dev,0,0,,,false,false,false,false,false,false,,Project documentation or architecture evidence.,active_or_unconfirmed,KEEP,,0.75,No confirmed replacement or deletion evidence.
docs/architecture/review_bundle/validation/15_static_invariants.stderr.txt,documentation,0,0,docs,dev,0,0,,,false,false,false,false,false,false,,Project documentation or architecture evidence.,active_or_unconfirmed,KEEP,,0.75,No confirmed replacement or deletion evidence.
docs/architecture/review_bundle/validation/15_static_invariants.stdout.txt,documentation,100,2,docs,dev,0,0,,,false,false,false,false,false,false,,Project documentation or architecture evidence.,active_or_unconfirmed,KEEP,,0.75,No confirmed replacement or deletion evidence.
docs/architecture/runtime_process_inventory.md,documentation,57603,1707,docs,dev,0,0,,,true,false,false,false,true,true,,Project documentation or architecture evidence.,compatibility_risk,REFACTOR_IN_PLACE,,0.72,Contains compatibility/legacy/deprecation markers.
docs/architecture/silent_exception_baseline.json,configuration,201,7,docs,dev,0,0,,,false,false,false,false,false,false,,Project documentation or architecture evidence.,active_or_unconfirmed,KEEP,,0.75,No confirmed replacement or deletion evidence.
docs/architecture/terrain_visibility_range.md,documentation,1974,28,docs,dev,0,0,,,false,false,false,false,false,false,,Project documentation or architecture evidence.,active_or_unconfirmed,KEEP,,0.75,No confirmed replacement or deletion evidence.
docs/benchmarks/categorical-s2glc/benchmark.json,configuration,2452,98,docs,dev,0,0,,,false,false,false,false,false,false,,Project documentation or architecture evidence.,active_or_unconfirmed,KEEP,,0.75,No confirmed replacement or deletion evidence.
docs/benchmarks/categorical-s2glc/torroja-class-only.png,binary,3490,0,docs,dev,0,0,,,false,false,false,false,false,false,,Project documentation or architecture evidence.,active_or_unconfirmed,REVIEW_BINARY,,0.90,Binary/data asset requires consumer and packaging review.
docs/benchmarks/categorical-s2glc/triangle-final.png,binary,16637,0,docs,dev,0,0,,,false,false,false,false,false,false,,Project documentation or architecture evidence.,active_or_unconfirmed,REVIEW_BINARY,,0.90,Binary/data asset requires consumer and packaging review.
docs/benchmarks/categorical-s2glc/triangle-material-only.png,binary,1375,0,docs,dev,0,0,,,false,false,false,false,false,false,,Project documentation or architecture evidence.,active_or_unconfirmed,REVIEW_BINARY,,0.90,Binary/data asset requires consumer and packaging review.
docs/categorical-surface-pipeline.md,documentation,11002,248,docs,dev,0,0,,,false,false,false,false,false,false,,Project documentation or architecture evidence.,active_or_unconfirmed,KEEP,,0.75,No confirmed replacement or deletion evidence.
docs/deprecations.json,configuration,1128,35,docs,dev,0,0,,,false,false,false,false,false,false,,Project documentation or architecture evidence.,active_or_unconfirmed,KEEP,,0.75,No confirmed replacement or deletion evidence.
docs/images/terrain_comparison/after.png,binary,16021,0,docs,dev,0,0,,,false,false,false,false,false,false,,Project documentation or architecture evidence.,active_or_unconfirmed,REVIEW_BINARY,,0.90,Binary/data asset requires consumer and packaging review.
docs/images/terrain_comparison/before.png,binary,3551,0,docs,dev,0,0,,,false,false,false,false,false,false,,Project documentation or architecture evidence.,active_or_unconfirmed,REVIEW_BINARY,,0.90,Binary/data asset requires consumer and packaging review.
docs/images/terrain_comparison/metrics.json,configuration,6177,204,docs,dev,0,0,,,false,false,false,false,false,false,,Project documentation or architecture evidence.,active_or_unconfirmed,KEEP,,0.75,No confirmed replacement or deletion evidence.
docs/migration/terralab-decoupling/README.md,documentation,2899,50,docs,dev,0,0,,,false,false,false,false,false,false,,Project documentation or architecture evidence.,active_or_unconfirmed,KEEP,,0.75,No confirmed replacement or deletion evidence.
docs/migration/terralab-decoupling/architecture.md,documentation,30564,720,docs,dev,0,0,,,false,false,false,false,false,true,,Project documentation or architecture evidence.,compatibility_risk,REFACTOR_IN_PLACE,,0.72,Contains compatibility/legacy/deprecation markers.
docs/migration/terralab-decoupling/execution/phase-state.json,configuration,682,22,docs,dev,0,0,,,false,false,false,false,false,false,,Project documentation or architecture evidence.,active_or_unconfirmed,KEEP,,0.75,No confirmed replacement or deletion evidence.
docs/migration/terralab-decoupling/migration-plan.md,documentation,16656,478,docs,dev,0,0,,,false,false,false,false,false,false,,Project documentation or architecture evidence.,compatibility_risk,REFACTOR_IN_PLACE,,0.72,Contains compatibility/legacy/deprecation markers.
docs/migration/terralab-decoupling/mvc-file-map.md,documentation,16490,258,docs,dev,0,0,,,false,false,false,false,false,false,,Project documentation or architecture evidence.,active_or_unconfirmed,KEEP,,0.75,No confirmed replacement or deletion evidence.
docs/migration/terralab-decoupling/prompts/00_ORCHESTRATOR.md,documentation,13016,383,docs,dev,0,0,,,false,false,false,false,false,false,,Project documentation or architecture evidence.,compatibility_risk,REFACTOR_IN_PLACE,,0.72,Contains compatibility/legacy/deprecation markers.
docs/migration/terralab-decoupling/prompts/01_BASELINE_AND_CHARACTERIZATION.md,documentation,6132,162,docs,dev,0,0,,,false,false,false,false,false,false,,Project documentation or architecture evidence.,active_or_unconfirmed,KEEP,,0.75,No confirmed replacement or deletion evidence.
docs/migration/terralab-decoupling/prompts/02_RENDER_CONTRACTS_AND_BACKEND_SELECTION.md,documentation,5378,155,docs,dev,0,0,,,false,false,false,false,false,false,,Project documentation or architecture evidence.,compatibility_risk,REFACTOR_IN_PLACE,,0.72,Contains compatibility/legacy/deprecation markers.
docs/migration/terralab-decoupling/prompts/03_TYPED_SCENE_FRAME_BUILDER.md,documentation,5239,141,docs,dev,0,0,,,false,false,false,false,false,false,,Project documentation or architecture evidence.,active_or_unconfirmed,KEEP,,0.75,No confirmed replacement or deletion evidence.
docs/migration/terralab-decoupling/prompts/04_SKY_BACKGROUND_VERTICAL_SLICE.md,documentation,4744,134,docs,dev,0,0,,,false,false,false,false,false,false,,Project documentation or architecture evidence.,compatibility_risk,REFACTOR_IN_PLACE,,0.72,Contains compatibility/legacy/deprecation markers.
docs/migration/terralab-decoupling/prompts/05_STARS_VERTICAL_SLICE.md,documentation,5113,141,docs,dev,0,0,,,false,false,false,false,false,false,,Project documentation or architecture evidence.,compatibility_risk,REFACTOR_IN_PLACE,,0.72,Contains compatibility/legacy/deprecation markers.
docs/migration/terralab-decoupling/prompts/06_SOLAR_SYSTEM_AND_ECLIPSES.md,documentation,4387,116,docs,dev,0,0,,,false,false,false,false,false,false,,Project documentation or architecture evidence.,compatibility_risk,REFACTOR_IN_PLACE,,0.72,Contains compatibility/legacy/deprecation markers.
docs/migration/terralab-decoupling/prompts/07_MILKYWAY_AND_DEEP_SKY.md,documentation,4117,112,docs,dev,0,0,,,false,false,false,false,false,false,,Project documentation or architecture evidence.,active_or_unconfirmed,KEEP,,0.75,No confirmed replacement or deletion evidence.
docs/migration/terralab-decoupling/prompts/08_GRID_LABELS_COMPASS_HUD.md,documentation,4150,115,docs,dev,0,0,,,true,false,false,false,false,false,,Project documentation or architecture evidence.,compatibility_risk,REFACTOR_IN_PLACE,,0.72,Contains compatibility/legacy/deprecation markers.
docs/migration/terralab-decoupling/prompts/09_PICKING_SELECTION_MEASUREMENTS.md,documentation,4467,124,docs,dev,0,0,,,false,false,true,false,false,false,,Project documentation or architecture evidence.,active_or_unconfirmed,KEEP,,0.75,No confirmed replacement or deletion evidence.
docs/migration/terralab-decoupling/prompts/10_SCOPE_AND_CONSTELLATIONS.md,documentation,4461,136,docs,dev,0,0,,,false,false,true,false,false,false,,Project documentation or architecture evidence.,active_or_unconfirmed,KEEP,,0.75,No confirmed replacement or deletion evidence.
docs/migration/terralab-decoupling/prompts/11_TERRAIN_GEOMETRY_PLAN.md,documentation,4497,124,docs,dev,0,0,,,false,false,false,false,false,false,,Project documentation or architecture evidence.,compatibility_risk,REFACTOR_IN_PLACE,,0.72,Contains compatibility/legacy/deprecation markers.
docs/migration/terralab-decoupling/prompts/12_TERRAIN_MATERIALS_LIGHTING.md,documentation,4322,117,docs,dev,0,0,,,false,false,false,false,false,false,,Project documentation or architecture evidence.,compatibility_risk,REFACTOR_IN_PLACE,,0.72,Contains compatibility/legacy/deprecation markers.
docs/migration/terralab-decoupling/prompts/13_QPAINTER_TERRAIN_ADAPTER.md,documentation,4070,121,docs,dev,0,0,,,false,false,false,false,false,false,,Project documentation or architecture evidence.,compatibility_risk,REFACTOR_IN_PLACE,,0.72,Contains compatibility/legacy/deprecation markers.
docs/migration/terralab-decoupling/prompts/14_COMPUTE_PORTS.md,documentation,4383,120,docs,dev,0,0,,,false,false,false,false,false,false,,Project documentation or architecture evidence.,active_or_unconfirmed,KEEP,,0.75,No confirmed replacement or deletion evidence.
docs/migration/terralab-decoupling/prompts/15_DATA_AND_TERRAIN_PORTS.md,documentation,4703,127,docs,dev,0,0,,,false,false,false,false,false,false,,Project documentation or architecture evidence.,active_or_unconfirmed,KEEP,,0.75,No confirmed replacement or deletion evidence.
docs/migration/terralab-decoupling/prompts/16_APPLICATION_CONTROLLER_THIN_QT_VIEW.md,documentation,4631,128,docs,dev,0,0,,,false,false,false,false,false,false,,Project documentation or architecture evidence.,active_or_unconfirmed,KEEP,,0.75,No confirmed replacement or deletion evidence.
docs/migration/terralab-decoupling/prompts/17_TYPED_TRANSPORT_AND_ZERO_COPY.md,documentation,4931,139,docs,dev,0,0,,,false,false,false,false,false,false,,Project documentation or architecture evidence.,active_or_unconfirmed,KEEP,,0.75,No confirmed replacement or deletion evidence.
docs/migration/terralab-decoupling/prompts/18_RECORDING_HEADLESS_CONFORMANCE.md,documentation,4096,116,docs,dev,0,0,,,false,false,false,false,false,false,,Project documentation or architecture evidence.,active_or_unconfirmed,KEEP,,0.75,No confirmed replacement or deletion evidence.
docs/migration/terralab-decoupling/prompts/19_THREEJS_HOST_AND_PRIMITIVES.md,documentation,4461,117,docs,dev,0,0,,,false,false,false,false,false,false,,Project documentation or architecture evidence.,active_or_unconfirmed,KEEP,,0.75,No confirmed replacement or deletion evidence.
docs/migration/terralab-decoupling/prompts/20_THREEJS_CELESTIAL_CAPABILITIES.md,documentation,4164,112,docs,dev,0,0,,,false,false,false,false,false,false,,Project documentation or architecture evidence.,active_or_unconfirmed,KEEP,,0.75,No confirmed replacement or deletion evidence.
docs/migration/terralab-decoupling/prompts/21_THREEJS_TERRAIN_INTERACTION_PARITY.md,documentation,4335,119,docs,dev,0,0,,,false,false,false,false,false,false,,Project documentation or architecture evidence.,compatibility_risk,REFACTOR_IN_PLACE,,0.72,Contains compatibility/legacy/deprecation markers.
docs/migration/terralab-decoupling/prompts/22_LEGACY_REMOVAL_FINAL_HARDENING.md,documentation,5576,163,docs,dev,0,0,,,false,false,false,false,false,false,,Project documentation or architecture evidence.,compatibility_risk,REFACTOR_IN_PLACE,,0.72,Contains compatibility/legacy/deprecation markers.
docs/pipeline.md,documentation,2542,50,docs,dev,0,0,,,false,false,false,false,false,false,,Project documentation or architecture evidence.,active_or_unconfirmed,KEEP,,0.75,No confirmed replacement or deletion evidence.
docs/roadmap.md,documentation,1207,27,docs,dev,0,0,,,false,false,false,false,false,false,,Project documentation or architecture evidence.,active_or_unconfirmed,KEEP,,0.75,No confirmed replacement or deletion evidence.
docs/terrain_render_delivery.md,documentation,17364,334,docs,dev,0,0,,,false,false,false,false,false,true,,Project documentation or architecture evidence.,active_or_unconfirmed,KEEP,,0.75,No confirmed replacement or deletion evidence.
docs/terrain_render_pipeline_analysis.md,documentation,18656,365,docs,dev,0,0,,,false,false,false,false,false,false,,Project documentation or architecture evidence.,compatibility_risk,REFACTOR_IN_PLACE,,0.72,Contains compatibility/legacy/deprecation markers.
plans/deprecated_methods_registry.json,configuration,3771,85,plans,dev,0,0,,,false,false,false,false,false,false,,Repository support or data file.,compatibility_risk,REFACTOR_IN_PLACE,,0.72,Contains compatibility/legacy/deprecation markers.
plans/refactor_fase2.md,documentation,12978,393,plans,dev,0,0,,,false,false,false,false,false,false,,Repository support or data file.,active_or_unconfirmed,KEEP,,0.75,No confirmed replacement or deletion evidence.
pyproject.toml,configuration,3136,119,pyproject.toml,repository,0,0,,,false,false,true,false,false,true,,Canonical packaging metadata and tool configuration.,active_or_unconfirmed,KEEP,,0.75,No confirmed replacement or deletion evidence.
scripts/build_stars_dataset.py,python,11115,367,scripts,dev,0,0,compress_npz_to_zst;concat_chunks;main;normalize_arrays;read_ecsv_columns,,false,false,false,true,false,false,,Command-line or developer tooling.,compatibility_risk,MOVE,TerraLab/cli/build_stars_dataset.py,0.85,Supported entry points must live in TerraLab.cli; others require classification. 4 broad exception handlers.
scripts/check_lp_domes.py,python,2712,89,scripts,dev,0,1,main,,false,false,false,false,false,false,,Command-line or developer tooling.,active_or_unconfirmed,MOVE,TerraLab/cli/check_lp_domes.py,0.85,Supported entry points must live in TerraLab.cli; others require classification.
scripts/convert_star_ecsv_to_npz.py,python,4586,162,scripts,dev,0,0,convert_file;count_ecsv_rows;main,,false,false,false,false,false,false,,Command-line or developer tooling.,active_or_unconfirmed,MOVE,TerraLab/cli/convert_star_ecsv_to_npz.py,0.85,Supported entry points must live in TerraLab.cli; others require classification.
scripts/debug_lp.py,python,1447,50,scripts,dev,0,0,get_bortle,,false,false,false,false,false,false,,Command-line or developer tooling.,active_or_unconfirmed,MOVE,TerraLab/cli/debug_lp.py,0.85,Supported entry points must live in TerraLab.cli; others require classification.
scripts/predict_mlim.py,python,1522,56,scripts,dev,0,1,main,,false,false,false,true,false,false,,Command-line or developer tooling.,active_or_unconfirmed,MOVE,TerraLab/cli/predict_mlim.py,0.85,Supported entry points must live in TerraLab.cli; others require classification.
scripts/query_stars_npy.py,python,21137,635,scripts,dev,0,0,SQLQuery;add_virtual_fields;apply_condition;compute_aggregations;load_dataset;load_npz;load_split_npy_dir;load_structured_npy;main;parse_sql_query;parse_where;resolve_field;write_aggregate_output;write_output,,true,false,false,true,false,false,,Command-line or developer tooling.,compatibility_risk,MOVE,TerraLab/cli/query_stars_npy.py,0.85,Supported entry points must live in TerraLab.cli; others require classification.
scripts/verify_industrial_lp.py,python,1866,58,scripts,dev,0,1,main,,false,false,false,false,false,false,,Command-line or developer tooling.,active_or_unconfirmed,MOVE,TerraLab/cli/verify_industrial_lp.py,0.85,Supported entry points must live in TerraLab.cli; others require classification.
tests/architecture/__init__.py,python,54,1,tests,dev,0,0,,,false,false,false,false,false,false,tests/architecture/test_boundaries.py;tests/terrain/test_elevation_query.py;tests/terrain/test_vectorized_raycast.py;tests/test_assets_manager_data_sources.py;tests/test_astro_rendering.py;tests/test_bake_process_atomic_save.py;tests/test_copernicus_asset_integration.py;tests/test_copernicus_orthophoto.py;tests/test_copernicus_orthophoto_dialog.py;tests/test_data_layers_ui_contract.py;tests/test_geospatial_providers.py;tests/test_horizon_baker_coverage.py;tests/test_horizon_worker_bortle.py;tests/test_light_pollution_modes.py;tests/test_light_pollution_sampler_crs.py;tests/test_offscreen_functional_regressions.py;tests/test_process_canvas_interactions.py;tests/test_s2glc_download.py;tests/test_scope_ui_manager.py;tests/test_search_engine.py;tests/test_surface_mode_switch.py;tests/test_terrain_representation.py;tests/test_worker_data_sources.py,Automated characterization or contract test.,active_or_unconfirmed,REVIEW_PUBLIC_API,,0.85,Package public surface must be verified before changes.
tests/architecture/test_boundaries.py,python,15831,435,tests,dev,0,0,test_canonical_runtime_types_have_one_definition;test_domain_and_layer_boundaries;test_packages_do_not_use_numbered_fragments_or_dynamic_namespace_copying;test_product_module_graph_is_acyclic;test_pure_terrain_render_does_not_perform_file_io;test_renderers_do_not_expose_parallel_impl_functions;test_runtime_readers_never_enable_numpy_pickle;test_shared_star_catalog_limit_has_one_owner;test_silent_generic_exception_debt_does_not_increase;test_terrain_worker_has_one_runtime_owner;test_ui_has_no_calculation_threads_or_fixed_16ms_render_loop;test_ui_process_cannot_import_science_or_render_implementations;test_ui_process_never_uses_blocking_qprocess_waits,,false,false,true,false,false,true,,Automated characterization or contract test.,compatibility_risk,REFACTOR_IN_PLACE,,0.72,Contains compatibility/legacy/deprecation markers.
tests/architecture/test_import_safety.py,python,1737,57,tests,dev,0,0,test_imports_do_not_create_files_or_application,,false,false,false,true,false,true,,Automated characterization or contract test.,active_or_unconfirmed,KEEP,,0.75,No confirmed replacement or deletion evidence.
tests/architecture/test_mvc_file_roles.py,python,2131,73,tests,dev,0,0,test_mvc_file_role_manifest_has_exact_product_coverage;test_mvc_file_role_manifest_matches_the_canonical_baseline_counts,,false,false,false,false,false,false,,Automated characterization or contract test.,active_or_unconfirmed,KEEP,,0.75,No confirmed replacement or deletion evidence.
tests/cli/test_entrypoints.py,python,1440,54,tests,dev,0,2,test_calibration_missing_columns_is_an_error;test_desktop_entrypoint_first_shows_every_route_fullscreen;test_supported_entrypoint_help_does_not_run_work,,false,false,false,true,false,false,,Automated characterization or contract test.,active_or_unconfirmed,KEEP,,0.75,No confirmed replacement or deletion evidence.
tests/common/test_cache.py,python,1342,46,tests,dev,0,1,test_byte_lru_evicts_by_resident_bytes;test_byte_lru_is_safe_under_parallel_get_and_put;test_byte_lru_tracks_hits_misses_replacement_and_eviction,,false,false,false,false,true,false,,Automated characterization or contract test.,active_or_unconfirmed,KEEP,,0.75,No confirmed replacement or deletion evidence.
tests/common/test_cancellation.py,python,905,29,tests,dev,0,1,test_generation_controller_is_monotonic_under_concurrency;test_new_generation_cancels_previous_token,,false,false,false,false,true,false,,Automated characterization or contract test.,active_or_unconfirmed,KEEP,,0.75,No confirmed replacement or deletion evidence.
tests/common/test_exception_reporting.py,python,585,18,tests,dev,0,1,test_suppressed_exception_is_observable_with_operation_context,,false,false,false,false,false,false,,Automated characterization or contract test.,active_or_unconfirmed,KEEP,,0.75,No confirmed replacement or deletion evidence.
tests/common/test_performance_budget.py,python,1167,27,tests,dev,0,2,test_performance_backends_have_independent_rollback_flags;test_performance_budget_uses_shared_40_40_20_split,,false,false,false,false,false,false,,Automated characterization or contract test.,active_or_unconfirmed,KEEP,,0.75,No confirmed replacement or deletion evidence.
tests/data/test_gaia_process_pipeline.py,python,1861,53,tests,dev,0,3,test_gaia_import_and_index_pipeline_runs_in_spawn_process,,false,false,false,true,false,false,,Automated characterization or contract test.,active_or_unconfirmed,KEEP,,0.75,No confirmed replacement or deletion evidence.
tests/data/test_star_colours.py,python,567,16,tests,dev,0,1,test_star_colour_lut_stays_within_one_channel_level,,false,false,false,false,false,false,,Automated characterization or contract test.,active_or_unconfirmed,KEEP,,0.75,No confirmed replacement or deletion evidence.
tests/light_pollution/test_processing.py,python,2208,70,tests,dev,0,1,test_convolution_handles_edges_nan_and_partial_windows;test_preprocess_preserves_geospatial_metadata_and_normalizes_nodata;test_window_plan_covers_non_multiple_raster_once,,false,false,false,true,false,false,,Automated characterization or contract test.,active_or_unconfirmed,KEEP,,0.75,No confirmed replacement or deletion evidence.
tests/terrain/test_asc_cache.py,python,846,32,tests,dev,0,1,test_asc_cache_materialization_uses_spawned_bounded_workers,,false,false,false,true,false,false,,Automated characterization or contract test.,active_or_unconfirmed,KEEP,,0.75,No confirmed replacement or deletion evidence.
tests/terrain/test_bands.py,python,399,13,tests,dev,0,1,test_fractional_thousands_have_one_suffix;test_generated_band_ids_never_repeat_the_suffix,,false,false,false,false,false,false,,Automated characterization or contract test.,active_or_unconfirmed,KEEP,,0.75,No confirmed replacement or deletion evidence.
tests/terrain/test_elevation_query.py,python,2253,79,tests,dev,0,2,test_elevation_query_never_invents_ground_outside_coverage;test_elevation_query_reports_provenance_and_observer_height,,true,false,false,false,false,false,,Automated characterization or contract test.,active_or_unconfirmed,KEEP,,0.75,No confirmed replacement or deletion evidence.
tests/terrain/test_raster_windows.py,python,1222,39,tests,dev,0,1,test_geotiff_prepare_region_never_materializes_the_full_roi,,false,false,false,true,false,false,,Automated characterization or contract test.,active_or_unconfirmed,KEEP,,0.75,No confirmed replacement or deletion evidence.
tests/terrain/test_tile_index.py,python,3517,110,tests,dev,0,2,Cache;test_asc_batch_spatial_sampling_preserves_overlap_nodata_fallback;test_tile_cache_keeps_pinned_near_field_inside_byte_budget;test_tile_cache_prioritizes_next_batch_before_eviction;test_tile_spatial_index_matches_brute_force_candidates,,false,false,false,false,false,false,,Automated characterization or contract test.,active_or_unconfirmed,KEEP,,0.75,No confirmed replacement or deletion evidence.
tests/terrain/test_vectorized_raycast.py,python,9926,315,tests,dev,0,3,BatchTerrain;LightSampler;ScalarTerrain;test_fine_raycast_retains_only_capped_relief_azimuths;test_prepare_progress_is_throttled_to_meaningful_percent_changes;test_preview_payload_is_resolved_only_and_capped_to_1440_azimuths;test_relief_mesh_precision_is_decoupled_from_subpixel_ray_step;test_relief_mesh_reuses_polar_field_and_batches_only_cartesian_patch;test_vectorized_light_sampling_uses_batch_api_and_matches_scalar;test_vectorized_polar_field_retains_only_mesh_distance_rings;test_vectorized_preview_count_is_bounded_and_finishes;test_vectorized_progress_and_previews_are_emitted_at_batch_boundaries;test_vectorized_raycast_matches_scalar_with_nodata_exit,,true,false,false,false,false,false,,Automated characterization or contract test.,active_or_unconfirmed,KEEP,,0.75,No confirmed replacement or deletion evidence.
tests/test_adaptive_sampling.py,python,6663,205,tests,dev,0,3,RadialProvider;test_abrupt_terrain_increases_retained_samples;test_adaptive_sampling_never_exceeds_configured_sample_cap;test_final_projected_error_is_bounded_above_minimum_step;test_flat_terrain_keeps_fewer_samples_than_legacy_progression;test_narrow_crest_midpoint_is_not_lost;test_progressive_baker_reduces_independent_refined_ray_profiles,,false,false,false,false,false,false,,Automated characterization or contract test.,compatibility_risk,REFACTOR_IN_PLACE,,0.72,Contains compatibility/legacy/deprecation markers.
tests/test_assets_manager_data_sources.py,python,13729,430,tests,dev,0,4,test_bundled_light_pollution_is_registered_in_typed_catalogue;test_dem_autolocation_uses_recursive_ascii_mosaic_coverage;test_dem_autolocation_uses_recursive_geotiff_mosaic_coverage;test_invalid_typed_import_is_catalogued_disabled_and_never_marked_ready;test_remove_layer_data_deletes_managed_sources_and_preserves_external_files;test_remove_layer_keeps_managed_path_shared_with_another_layer;test_remove_sky_layer_clears_owned_directory_but_not_linked_source;test_typed_imports_keep_datasets_independent_and_do_not_write_legacy_paths,,true,false,false,true,false,false,,Automated characterization or contract test.,active_or_unconfirmed,KEEP,,0.75,No confirmed replacement or deletion evidence.
tests/test_astro_rendering.py,python,51127,1572,tests,dev,0,17,CapturingOverlay;RecordingOverlay;test_astro_canvas_update_accepts_unexpected_arguments;test_cartesian_near_patch_covers_nadir_without_a_polar_cap_or_hole;test_distance_silhouettes_use_the_full_sky_projection;test_eclipse_lock_uses_real_moon_position_for_overlap_geometry;test_equatorial_to_galactic_conversion_for_galactic_center;test_galactic_centre_lands_in_southern_sky_on_northern_summer_night;test_horizon_overlay_can_stay_empty_without_procedural_fallback;test_horizon_overlay_does_not_truncate_visible_surface_spans_offscreen;test_horizon_overlay_draws_terrain_mesh_offscreen;test_horizon_overlay_solar_shading_changes_with_sun_az_offscreen;test_horizon_profile_loads_legacy_terrain_mesh_without_visible;test_horizon_profile_roundtrip_preserves_resolved_mask;test_horizon_profile_roundtrip_preserves_surface_points;test_horizon_profile_roundtrip_preserves_terrain_mesh;test_horizon_worker_parses_json_progress_events_and_formats_user_message;test_legacy_mesh_without_visible_uses_the_common_surface_geometry;test_ngc_aliases_include_messier_compact_and_common_name_tokens;test_ngc_catalog_loader_accepts_openngc_csv;test_non_scope_prefilter_respects_max_count_when_catalog_sorted;test_polar_mesh_normals_cover_cells_between_visible_ridges;test_profile_interaction_reduces_depth_layers_but_keeps_endpoints;test_profile_lod_bounds_dense_series_and_preserves_extrema;test_profile_mode_paints_sampled_surface_material;test_scope_activation_can_skip_remote_weather_fetch;test_scope_prefilter_can_disable_sync_index_build_without_pending;test_scope_prefilter_skips_sync_index_build_while_async_warmup_is_pending;test_settled_profile_reuses_composited_terrain_image;test_stars_renderer_cached_altaz_uses_year_when_available;test_surface_geometry_keeps_the_circular_azimuth_seam_continuous;test_surface_geometry_matches_random_exhaustive_envelopes;test_surface_geometry_preserves_peaks_saddles_and_occlusion;test_surface_geometry_splits_nodata_and_reversed_projection;test_surface_simplification_has_bounded_projected_error;test_terrain_3d_toggle_switches_between_mesh_and_all_distance_silhouettes;test_terrain_light_factor_tracks_solar_azimuth_and_haze;test_terrain_projection_uses_full_altitude_azimuth_coordinates;test_terrain_span_brush_preserves_lateral_light_variation;test_terrain_sun_visibility_casts_shadow_behind_ridge;test_terrain_surface_opacity_flag_is_reversible;test_terrain_zbuffer_keeps_nearest_triangle_per_subsample,,true,false,false,true,false,true,,Automated characterization or contract test.,active_or_unconfirmed,KEEP,,0.75,No confirmed replacement or deletion evidence.
tests/test_bake_process_atomic_save.py,python,4569,152,tests,dev,0,3,test_atomic_save_profile_propagates_non_permission_errors;test_atomic_save_profile_retries_permission_error;test_emit_event_uses_fd_stdout_when_pythonw_streams_missing;test_preview_snapshots_use_immutable_unique_paths;test_resolve_raycast_step_keeps_default_for_coarser_dem;test_resolve_raycast_step_uses_finer_step_for_5m_dem,,true,false,false,true,false,false,,Automated characterization or contract test.,active_or_unconfirmed,KEEP,,0.75,No confirmed replacement or deletion evidence.
tests/test_compact_control_layout.py,python,9658,274,tests,dev,0,0,test_vertical_drawer_preserves_controls_and_quick_actions,,true,false,false,true,false,true,,Automated characterization or contract test.,active_or_unconfirmed,KEEP,,0.75,No confirmed replacement or deletion evidence.
tests/test_config.py,python,1478,56,tests,dev,0,1,test_config_persistence;test_default_language;test_set_and_get_config,,false,false,false,false,false,false,,Automated characterization or contract test.,active_or_unconfirmed,KEEP,,0.75,No confirmed replacement or deletion evidence.
tests/test_copernicus_asset_integration.py,python,11670,390,tests,dev,0,8,CancelledManager;FakeCopernicusManager;FakeSelectionDialog;test_cancelled_copernicus_job_is_persisted_as_paused;test_confirmation_blocks_bbox_outside_service_coverage;test_confirmation_uses_async_nodata_result_without_network;test_confirmed_preflight_launches_existing_background_job;test_copernicus_result_is_registered_without_changing_surface_mode;test_onboarding_passes_complete_previous_request_to_async_preflight;test_orthophoto_descriptor_advertises_automatic_download;test_removing_orthophoto_includes_resumable_copernicus_fragments;test_user_orthophoto_is_not_falsely_attributed_to_copernicus,,true,false,false,true,false,true,,Automated characterization or contract test.,active_or_unconfirmed,KEEP,,0.75,No confirmed replacement or deletion evidence.
tests/test_copernicus_orthophoto.py,python,44545,1424,tests,dev,0,2,test_arcgis_etrs89_extended_laea_wkt_is_accepted_as_epsg_3035;test_bbox_intersection_detects_partial_and_outside_service_coverage;test_bbox_is_explicitly_west_south_east_north;test_cancelled_manager_run_resumes_only_completed_fragments;test_client_rejects_truncated_or_non_raster_http_content;test_client_retries_streams_and_validates_real_geotiff;test_client_sanitizes_html_500_and_emits_request_diagnostics;test_coarse_resolution_caps_fragment_ground_span_for_mosaic_limit;test_estimator_uses_ceil_and_reports_u8_u16_and_fragment_count;test_export_descriptor_rejects_untrusted_or_inconsistent_href;test_export_image_params_use_native_u16_transport_and_lz77;test_failed_concurrent_run_adopts_tiff_published_by_sibling;test_format_bytes_dual_uses_decimal_and_binary_units;test_fragment_plan_is_exactly_aligned_by_integer_pixel_offsets;test_fragment_planner_supports_exact_service_dimension_limits;test_large_mosaic_generates_internal_overviews;test_manager_adopts_valid_final_missing_only_manifest_commit;test_manager_reuses_verified_final_without_disk_check_or_mosaic;test_manager_run_resumes_completed_fragments_and_records_final_output;test_manager_writes_persistent_request_and_transport_log;test_manifest_persists_valid_fragments_and_rejects_corruption;test_mosaic_preserves_common_nodata_and_keeps_none_when_unpublished;test_nodata_preflight_labels_all_zero_rgb_as_an_estimate;test_out_of_core_mosaic_preserves_fragment_alignment_and_validates;test_request_json_round_trip_keeps_explicit_bbox_and_all_options;test_request_rejects_values_outside_product_and_service_contract;test_resume_adopts_unrecorded_fragments_before_space_preflight;test_retry_backoff_is_cooperatively_cancellable;test_service_coverage_assessment_reports_inside_partial_and_outside;test_stale_final_manifest_rebuilds_from_verified_fragments;test_transform_accepts_selections_with_negative_longitudes;test_transform_bounds_uses_wgs84_to_3035_with_densification;test_u16_output_preserves_native_values_without_radiometric_conversion;test_u8_output_uses_one_global_stretch_for_u16_values_above_255;test_uncompressed_estimate_equals_selected_raw_size,,true,false,true,true,false,false,,Automated characterization or contract test.,compatibility_risk,REFACTOR_IN_PLACE,,0.72,Contains compatibility/legacy/deprecation markers.
tests/test_copernicus_orthophoto_dialog.py,python,7724,261,tests,dev,0,2,test_bridge_preserves_explicit_west_south_east_north_order;test_bridge_rejects_empty_inverted_or_non_finite_bounds;test_dialog_builds_default_compressed_u8_request_and_all_metrics;test_initial_request_restores_resume_critical_controls_and_grid;test_map_document_uses_live_official_wms_and_interactive_controls;test_reset_delete_and_initial_rectangle_are_sent_to_the_web_map;test_resolution_and_format_controls_rebuild_the_same_download_request;test_web_load_and_javascript_errors_are_visible,,true,false,false,false,false,true,,Automated characterization or contract test.,active_or_unconfirmed,KEEP,,0.75,No confirmed replacement or deletion evidence.
tests/test_data_layers_ui_contract.py,python,7336,225,tests,dev,0,4,test_checked_surface_layer_requests_initial_refresh_once;test_data_layers_dialog_uses_dark_theme_for_native_qt_surfaces;test_disabling_surface_layer_hides_material_and_does_not_start_sampling;test_light_pollution_can_enable_with_runtime_fallback_without_onboarding;test_runtime_effective_source_overrides_catalogue_candidate_in_label;test_runtime_empty_surface_source_reports_synthetic_fallback;test_surface_checkbox_does_not_prompt_when_either_product_is_ready;test_surface_only_catalogue_change_recolors_latest_profile_without_bake;test_user_click_on_missing_layer_opens_focused_library,,true,false,false,false,false,false,,Automated characterization or contract test.,compatibility_risk,REFACTOR_IN_PLACE,,0.72,Contains compatibility/legacy/deprecation markers.
tests/test_data_library.py,python,4795,125,tests,dev,0,1,test_asset_manifest_entry_can_be_removed_atomically;test_corrupt_pointer_is_reported;test_environment_root_has_priority_over_pointer;test_legacy_migration_rewrites_only_managed_catalogue_paths;test_selected_library_creates_versioned_layout_and_pointer;test_versioned_migration_keeps_external_assets_linked,,false,false,false,true,false,false,,Automated characterization or contract test.,compatibility_risk,REFACTOR_IN_PLACE,,0.72,Contains compatibility/legacy/deprecation markers.
tests/test_data_sources.py,python,30353,926,tests,dev,0,3,test_async_dialog_inspection_transitions_pending_to_healthy_or_invalid;test_default_registry_uses_runtime_catalog_path;test_dialog_source_signature_tracks_inspection_metadata_and_health;test_directory_fingerprint_tracks_nested_raster_tiles_and_is_persisted;test_disabled_missing_and_removed_sources_fall_back_without_disk_deletion;test_duplicate_registration_returns_existing_source;test_elevation_selection_uses_coverage_priority_resolution_and_stable_id;test_equivalent_s2glc_encodings_remain_cross_encoding_fallbacks;test_explicit_source_fingerprint_is_not_overwritten_by_path_refresh;test_independent_registry_instances_merge_without_lost_updates;test_inspection_finished_while_open_updates_normal_dialog_changes;test_inspection_health_excludes_pending_and_invalid_sources;test_land_cover_fallback_never_uses_an_orthophoto;test_land_cover_preference_does_not_change_surface_mode;test_late_inspection_change_is_replayed_after_modal_close;test_legacy_migration_is_deduplicated_missing_safe_and_one_time;test_legacy_reader_supports_nested_mapping;test_legacy_surface_layer_type_value_loads_as_surface_mode;test_legacy_surface_types_are_atomically_rewritten_to_land_cover;test_light_pollution_selection_and_no_source_reason;test_manual_surface_rgb_can_fall_back_to_categorical;test_registry_round_trip_preserves_complete_metadata_and_preferences;test_surface_categorical_precedes_rgb_but_manual_selection_wins;test_v3_migration_splits_orthophoto_and_land_cover_encodings;test_wrapped_antimeridian_coverage,,true,false,false,true,false,true,,Automated characterization or contract test.,compatibility_risk,REFACTOR_IN_PLACE,,0.72,Contains compatibility/legacy/deprecation markers.
tests/test_deprecated_registry.py,python,1395,52,tests,dev,0,1,test_deprecated_registry_schema_and_uniqueness;test_emit_deprecation_warning,,false,false,false,false,false,false,,Automated characterization or contract test.,compatibility_risk,REFACTOR_IN_PLACE,,0.72,Contains compatibility/legacy/deprecation markers.
tests/test_design_system.py,python,1716,57,tests,dev,0,2,test_core_palette_has_accessible_text_contrast;test_custom_widget_theme_uses_the_shared_tokens;test_global_theme_covers_the_primary_widget_families,,false,false,false,false,false,false,,Automated characterization or contract test.,active_or_unconfirmed,KEEP,,0.75,No confirmed replacement or deletion evidence.
tests/test_diffuse_coords.py,python,2030,67,tests,dev,0,3,test_galactic_center_conversion_is_stable;test_projection_grid_builds_without_nan;test_projection_roundtrip_sample,,false,false,false,false,false,false,,Automated characterization or contract test.,active_or_unconfirmed,KEEP,,0.75,No confirmed replacement or deletion evidence.
tests/test_diffuse_noise.py,python,3752,124,tests,dev,0,4,test_effective_opacity_fades_with_bortle;test_effective_opacity_is_zero_in_daylight;test_effective_opacity_manual_mode_uses_mag_limit;test_sample_rgba_changes_with_ra_offset;test_sample_rgba_is_stable_for_same_query,,false,false,false,false,false,false,,Automated characterization or contract test.,active_or_unconfirmed,KEEP,,0.75,No confirmed replacement or deletion evidence.
tests/test_ephemeris_coordinator.py,python,1387,45,tests,dev,0,1,test_coordinator_snapshot_timestamp_does_not_shift_eclipse_date;test_ephemeris_context_uses_zero_based_day_of_year;test_subminute_eclipse_rejects_snapshot_two_minutes_out_of_date,,false,false,false,false,false,false,,Automated characterization or contract test.,active_or_unconfirmed,KEEP,,0.75,No confirmed replacement or deletion evidence.
tests/test_gaia_manifest_resolution.py,python,2234,78,tests,dev,0,1,test_gaia_manifest_is_never_discovered_from_the_working_directory;test_gaia_manifest_resolution_is_identical_from_different_cwds;test_relative_gaia_path_requires_an_absolute_library_root,,false,false,false,true,false,false,,Automated characterization or contract test.,active_or_unconfirmed,KEEP,,0.75,No confirmed replacement or deletion evidence.
tests/test_geospatial_providers.py,python,29176,816,tests,dev,0,6,FlatSurface;RecordingRgbProvider;test_all_terrain_providers_share_the_process_wide_pyproj_lock;test_ascii_declared_crs_is_separate_from_the_engine_frame;test_ascii_get_elevation_uses_scalar_fast_path;test_ascii_sources_are_materialized_to_runtime_cache_when_external;test_ascii_sources_reuse_adjacent_npy_when_installed_in_runtime_data;test_ascii_txt_and_bounded_npy_are_supported;test_categorical_metadata_overrides_defaults_without_losing_nodata_or_fallback;test_categorical_without_color_table_uses_stable_land_cover_materials;test_continental_surface_sampling_reports_blocks_and_is_cancellable;test_crs_service_vectorizes_without_hard_coding_the_internal_frame;test_crs_services_serialize_shared_transformers_across_threads;test_elevation_reads_bounded_blocks_instead_of_whole_raster;test_flat_fallback_can_sample_surface_without_inventing_topography;test_geotiff_directory_is_a_nodata_aware_mosaic_not_first_file;test_geotiff_sampling_transforms_from_arbitrary_crs;test_geotiff_sources_are_materialized_to_runtime_cache_when_external;test_light_pollution_is_a_separate_continuous_provider;test_metadata_inspection_preserves_crs_resolution_bounds_and_coverage;test_ordered_elevation_sources_fall_back_per_point;test_registered_dataset_root_discovers_nested_archive_layouts;test_rgb_and_categorical_are_sampled_with_nearest_neighbour;test_rgb_nodata_falls_back_to_categorical_material;test_rgba_transparency_is_missing_data_and_can_fall_back;test_striped_continental_raster_is_batched_into_local_virtual_windows;test_surface_cache_uses_real_profile_and_mesh_coordinates_and_is_immutable;test_surface_factory_uses_typed_data_source_kinds,,true,false,false,true,true,false,,Automated characterization or contract test.,active_or_unconfirmed,KEEP,,0.75,No confirmed replacement or deletion evidence.
tests/test_horizon_baker_coverage.py,python,3299,122,tests,dev,0,1,test_bake_stops_rays_when_dem_has_no_coverage;test_build_view_mesh_samples_dem_normals;test_compute_mesh_visibility_hides_occluded_valleys;test_sample_single_azimuth_stops_after_coverage_exit,,false,false,false,false,false,false,,Automated characterization or contract test.,active_or_unconfirmed,KEEP,,0.75,No confirmed replacement or deletion evidence.
tests/test_horizon_worker_bortle.py,python,3139,101,tests,dev,0,2,test_isolated_sampler_forwards_every_typed_fallback_raster;test_isolated_sampler_parses_result_and_forwards_trace;test_isolated_sampler_route_is_used_when_enabled,,true,false,false,false,false,false,,Automated characterization or contract test.,active_or_unconfirmed,KEEP,,0.75,No confirmed replacement or deletion evidence.
tests/test_light_pollution_modes.py,python,8372,271,tests,dev,0,5,test_automatic_controls_are_locked_to_estimated_bortle;test_bortle_controls_are_editable_from_nine_to_one;test_each_mode_resolves_its_own_graphical_bortle;test_location_change_recalculates_only_in_automatic_mode;test_magnitude_controls_end_at_faintest_catalog_star;test_magnitude_rendering_preserves_full_requested_range;test_modes_are_explicit_and_legacy_manual_migrates_to_magnitude;test_selecting_automatic_recalculates_immediately,,true,false,false,false,false,false,,Automated characterization or contract test.,active_or_unconfirmed,KEEP,,0.75,No confirmed replacement or deletion evidence.
tests/test_light_pollution_sampler_crs.py,python,2878,104,tests,dev,0,1,test_build_runtime_context_reuses_cached_transformers;test_guess_missing_crs_detects_dvnl_equal_earth;test_guess_missing_crs_detects_geographic_bounds;test_guess_missing_crs_detects_web_mercator_world,,true,false,false,false,false,false,,Automated characterization or contract test.,active_or_unconfirmed,KEEP,,0.75,No confirmed replacement or deletion evidence.
tests/test_light_pollution_sampler_spatial.py,python,9834,285,tests,dev,0,2,test_axis_order_is_not_swapped;test_batch_sampling_without_preload_opens_raster_only_once;test_missing_crs_uses_explicit_fallback_policy_for_dvnl_extent;test_out_of_bounds_returns_zero;test_projected_sampling_supports_25831_and_32631_for_same_point;test_sampling_matches_same_physical_point_for_latlon_and_terrain_xy;test_sqm_window_is_clipped_to_avoid_pathological_memory_usage;test_trace_links_location_sqm_and_bortle;test_window_sampling_keeps_native_pixel_value_at_query_point,,true,false,false,true,false,false,,Automated characterization or contract test.,active_or_unconfirmed,KEEP,,0.75,No confirmed replacement or deletion evidence.
tests/test_light_pollution_typed_chain.py,python,2469,85,tests,dev,0,1,test_folder_mosaic_expands_files_and_falls_back_from_nodata;test_typed_source_chain_preserves_valid_zero_instead_of_falling_through,,false,false,false,true,false,false,,Automated characterization or contract test.,active_or_unconfirmed,KEEP,,0.75,No confirmed replacement or deletion evidence.
tests/test_milky_way.py,python,13306,428,tests,dev,0,7,test_dec_clamp_handles_poles_without_error;test_enabled_false_disables_layer;test_equatorial_to_galactic_conversion_for_galactic_center;test_galactic_texture_requires_180_offset_for_core_alignment;test_lat_flip_changes_sampling_for_current_galactic_asset;test_lon_flip_changes_sampling_for_current_galactic_asset;test_manual_mag_mode_is_direct_not_inverted;test_milkyway_hidden_from_bortle_5_in_auto_mode;test_milkyway_hidden_in_daylight;test_milkyway_png_loads_and_has_alpha;test_opacity_changes_visual_result;test_optional_missing_dust_map_does_not_break_render;test_planck_converter_generates_npz_with_multiprocessing;test_planck_converter_zst_branch_when_available;test_ra_offset_rotates_sampling;test_ra_wrap_is_seamless_for_0_and_360;test_stars_disabled_does_not_raise_and_returns_empty_result,,false,false,false,true,false,true,,Automated characterization or contract test.,active_or_unconfirmed,KEEP,,0.75,No confirmed replacement or deletion evidence.
tests/test_morell_puig_den_cama.py,python,4775,131,tests,dev,0,5,test_morell_puig_den_cama,,false,false,false,false,false,false,tests/test_morell_puig_den_cama.py,Automated characterization or contract test.,active_or_unconfirmed,KEEP,,0.75,No confirmed replacement or deletion evidence.
tests/test_offscreen_functional_regressions.py,python,40399,1363,tests,dev,0,14,CanvasStub;ParentStub;RuntimeStub;TerrainStub;TimerStub;gui_app;test_circumpolar_alignment_resolves_current_polaris_position;test_circumpolar_includes_faint_visible_stars_and_suppresses_dots;test_circumpolar_trails_produce_a_nonempty_cached_layer;test_context_goto_enters_scope_and_centers_camera_and_reticle;test_daylight_moon_visibility_depends_on_phase_and_separation;test_eclipse_transmission_uses_real_disc_overlap;test_horizon_is_the_master_for_effective_earth_visibility;test_manual_scope_nudge_is_not_overwritten_by_target_tracking;test_moon_phase_mask_grows_monotonically;test_ngc_markers_keep_catalog_shape_name_and_pick_extent;test_offscreen_backend_registers_a_font_and_rasterizes_planet_label;test_planet_selection_uses_the_requested_body_key;test_planets_are_registered_with_their_names;test_render_can_load_published_surface_artifact;test_render_neutralizes_stale_earth_state_when_master_is_disabled;test_render_receives_surface_visual_style_from_snapshot;test_render_rejects_incoherent_terrain_when_horizon_is_disabled;test_scope_slow_and_fast_controls_keep_distinct_physical_rates;test_search_records_include_all_catalogue_families;test_search_resolution_returns_the_canonical_planet_key;test_selection_marker_has_a_real_pulse;test_stale_ephemeris_keeps_one_coherent_scientific_snapshot;test_sun_and_moon_use_larger_visual_discs_but_physical_overlap;test_surface_refresh_is_dispatched_to_compute;test_torroja_2026_eclipse_progresses_through_all_phases;test_torroja_local_eclipse_time_is_converted_to_utc;test_totality_corona_is_structured_and_white_blue,,true,false,false,false,false,true,,Automated characterization or contract test.,compatibility_risk,REFACTOR_IN_PLACE,,0.72,Contains compatibility/legacy/deprecation markers.
tests/test_onboarding_dem_autolocation.py,python,4082,114,tests,dev,0,3,test_onboarding_dem_asc_sets_observer_location;test_onboarding_dem_tiff_sets_observer_location;test_resolve_primary_dem_tiff_path_is_deterministic,,false,false,false,true,false,false,,Automated characterization or contract test.,active_or_unconfirmed,KEEP,,0.75,No confirmed replacement or deletion evidence.
tests/test_onboarding_first_run.py,python,1374,47,tests,dev,0,2,test_first_run_manager_records_the_seen_version;test_onboarding_document_uses_qwebchannel_and_local_audio,,true,false,false,false,false,false,,Automated characterization or contract test.,active_or_unconfirmed,KEEP,,0.75,No confirmed replacement or deletion evidence.
tests/test_packaging_contract.py,python,2585,78,tests,dev,0,0,test_all_declared_console_entry_points_are_importable;test_public_readme_links_exist_with_exact_capitalization;test_pyproject_declares_a_self_contained_wheel_contract,,true,false,false,false,false,false,,Automated characterization or contract test.,active_or_unconfirmed,KEEP,,0.75,No confirmed replacement or deletion evidence.
tests/test_process_canvas_interactions.py,python,7407,251,tests,dev,0,1,test_constellation_right_and_double_click_have_distinct_commands;test_ctrl_click_adds_constellation_selection_without_panning;test_ctrl_drag_pans_camera_while_measuring;test_diagnostic_shortcuts_are_restored;test_shift_click_forces_constellation_node_addition;test_shift_click_selects_object_in_telescope_mode;test_visible_constellations_remain_editable_outside_draw_mode,,true,false,false,false,false,true,,Automated characterization or contract test.,active_or_unconfirmed,KEEP,,0.75,No confirmed replacement or deletion evidence.
tests/test_providers.py,python,1753,56,tests,dev,0,1,DummyProvider;test_coordinate_transformation;test_internal_crs_matches_epsg_25831_transformer;test_native_crs_default;test_tiff_provider_initialization,,false,false,false,false,false,false,,Automated characterization or contract test.,active_or_unconfirmed,KEEP,,0.75,No confirmed replacement or deletion evidence.
tests/test_qt_lifecycle.py,python,3485,114,tests,dev,0,0,test_astronomical_widget_can_close_and_rebuild_offscreen,,true,false,false,true,false,true,,Automated characterization or contract test.,active_or_unconfirmed,KEEP,,0.75,No confirmed replacement or deletion evidence.
tests/test_ray_precision.py,python,305,11,tests,dev,0,1,test_ray_count_covers_supported_precision_range,,false,false,false,false,false,false,,Automated characterization or contract test.,active_or_unconfirmed,KEEP,,0.75,No confirmed replacement or deletion evidence.
tests/test_recovered_sky_features.py,python,6031,225,tests,dev,0,4,gui_app;test_city_light_dome_is_rendered_from_horizon_profile;test_constellation_interaction_options_reach_render_controller;test_planet_photometry_uses_distance_and_is_published_to_pick_data;test_refracted_disc_geometry_keeps_horizontal_radius_and_flattens_vertical;test_standard_refraction_lifts_and_flattens_horizon_discs,,true,false,false,false,false,true,,Automated characterization or contract test.,active_or_unconfirmed,KEEP,,0.75,No confirmed replacement or deletion evidence.
tests/test_runtime_process_isolation.py,python,18053,573,tests,dev,0,2,test_compute_publishes_search_and_deep_sky_render_artifacts;test_compute_service_can_shutdown_during_a_running_job;test_compute_service_remains_responsive_while_a_job_runs;test_compute_service_runs_ephemeris_outside_caller_process;test_compute_terrain_reports_progress_and_publishes_an_artifact;test_frame_pool_buffer_leases_can_be_released_and_reacquired;test_frame_pool_has_bounded_non_overwriting_slots;test_presenter_can_repaint_the_same_shared_slot_repeatedly;test_protocol_is_json_only_and_versioned;test_render_service_can_reuse_released_slots_repeatedly;test_render_service_writes_a_shared_frame;test_supervisor_restarts_once_then_requires_explicit_retry;test_supervisor_workers_do_not_resolve_an_installed_shadow_package,,true,true,false,true,true,true,,Automated characterization or contract test.,active_or_unconfirmed,KEEP,,0.75,No confirmed replacement or deletion evidence. Potential top-level runtime call detected.
tests/test_s2glc_download.py,python,12864,389,tests,dev,0,3,stop;test_cancel_restart_detects_partial_and_resumes_with_range;test_changed_etag_never_concatenates_incompatible_content;test_complete_s2glc_install_runs_all_phases_off_the_calling_thread;test_corrupt_zip_is_rejected_and_cancellation_preserves_archive;test_default_downloader_uses_native_certificate_store;test_new_download_is_streamed_and_published_atomically;test_server_ignoring_range_restarts_without_losing_valid_partial_on_failure;test_space_check_accounts_for_archive_extraction_and_margin;test_transient_http_failure_is_retried_a_limited_number_of_times;work,,true,true,true,true,true,false,,Automated characterization or contract test.,compatibility_risk,REFACTOR_IN_PLACE,,0.72,Contains compatibility/legacy/deprecation markers. Potential top-level runtime call detected. 1 broad exception handlers.
tests/test_s2glc_land_cover.py,python,18101,525,tests,dev,0,10,test_botw_palette_does_not_replace_original_s2glc_colours;test_categorical_resolution_scenarios_never_interpolate_codes;test_categorical_screen_space_lod_keeps_near_exact_and_caps_far_footprint;test_coverage_10m_over_dem_30m_subdivides_only_visual_grid;test_crs_transform_nodata_bounds_and_detected_metadata;test_equal_resolution_fast_path_requires_same_crs_origin_and_grid;test_layer_catalog_exposes_both_official_s2glc_products;test_localized_category_descriptions_cover_builtin_and_external_legends;test_rgb_categorical_unknown_colours_and_transparency_are_nodata;test_rgb_resolution_scenarios_keep_source_pixels_with_nearest_sampling;test_s2glc_registry_is_complete_deterministic_and_unknown_is_transparent;test_s2glc_rgb_and_single_band_decode_to_identical_classes;test_validation_rejects_grayscale_rgb_and_float_categories;test_vibrant_palette_matches_the_configured_botw_colours;test_vibrant_palette_preserves_semantic_distinctions;test_vibrant_regularization_protects_small_semantic_features,,false,false,true,true,false,false,,Automated characterization or contract test.,active_or_unconfirmed,KEEP,,0.75,No confirmed replacement or deletion evidence.
tests/test_scope_ui_manager.py,python,1771,67,tests,dev,0,1,test_scope_ui_manager_delegates_coordinate_conversion_to_compute;test_scope_ui_manager_updates_local_button_state,,false,false,false,false,false,false,,Automated characterization or contract test.,active_or_unconfirmed,KEEP,,0.75,No confirmed replacement or deletion evidence.
tests/test_search_engine.py,python,8037,304,tests,dev,0,3,DummyWidget;test_build_search_index_includes_ngc_even_if_layer_visibility_is_off;test_center_on_object_sets_planet_payload_as_sky_target;test_center_on_object_sets_star_payload_compatible_with_canvas;test_delayed_search_result_does_not_override_newer_view_input;test_lookup_accents;test_lookup_case_insensitive;test_lookup_jupiter;test_lookup_named_star;test_lookup_not_found;test_lookup_partial;test_normalize_key_accents;test_normalize_search_key_static_method;test_search_trigger_is_not_duplicated_by_completer_return,,true,false,false,false,false,false,,Automated characterization or contract test.,active_or_unconfirmed,KEEP,,0.75,No confirmed replacement or deletion evidence.
tests/test_spherical_math.py,python,3356,128,tests,dev,0,3,test_altaz_roundtrip;test_angular_distance_known_values;test_calculate_sun_times;test_julian_day_j2000;test_project_stereo_zenith;test_ra_dec_to_alt_az_polaris_transit;test_slerp_arc_points_stay_on_unit_sphere;test_unproject_roundtrip,,false,false,false,false,false,false,,Automated characterization or contract test.,active_or_unconfirmed,KEEP,,0.75,No confirmed replacement or deletion evidence.
tests/test_star_data_coordinator.py,python,21022,598,tests,dev,0,1,test_combine_tiles_includes_internal_supplement_and_deduplicates_source_id;test_load_deep_tile_keeps_previous_active_dataset_until_new_center_is_loaded;test_normalize_tile_arrays_orders_source_id_by_magnitude;test_preload_adjacent_tiles_does_not_emit_regressive_snapshot_when_center_missing;test_preload_adjacent_tiles_emits_when_center_is_already_loaded;test_request_scope_region_keeps_loaded_pending_tiles_visible_before_focus_load;test_request_scope_region_prioritizes_all_tiles_intersecting_scope_field,,true,false,false,true,false,false,,Automated characterization or contract test.,active_or_unconfirmed,KEEP,,0.75,No confirmed replacement or deletion evidence.
tests/test_surface_lod_cache.py,python,17597,515,tests,dev,0,3,test_atomic_npz_store_can_defer_tile_durability_and_prune_to_one_batch;test_atomic_npz_store_recovers_corruption_and_enforces_shared_lru;test_categorical_lod_handles_nodata_and_clipped_raster_edges;test_categorical_lod_reads_real_rows_and_reuses_sparse_tiles;test_categorical_lod_rejects_legacy_central_pixel_tile;test_categorical_lod_sampling_is_cancellable_between_source_rows;test_categorical_lod_ties_prefer_centre_then_smallest_class;test_categorical_lod_uniform_cells_preserve_integer_classes;test_categorical_lod_uses_mode_instead_of_central_pixel;test_categorical_nearest_does_not_round_large_integer_class_ids;test_rgb_categorical_lod_decodes_pixels_before_modal_reduction;test_rgb_s2glc_lod_isolates_a_single_building;test_s2glc_lod_isolates_small_buildings_and_water;test_surface_result_cache_survives_restart_and_partial_fov_is_typed;test_surface_selection_deduplicates_product_and_prefers_manual_then_managed,,false,false,false,true,false,false,,Automated characterization or contract test.,compatibility_risk,REFACTOR_IN_PLACE,,0.72,Contains compatibility/legacy/deprecation markers.
tests/test_surface_mode_switch.py,python,14818,478,tests,dev,0,2,test_all_location_bound_controls_mark_out_of_area;test_hidden_surface_reenables_terrain_3d_choice;test_out_of_coverage_categorical_is_rejected_with_explanation;test_out_of_coverage_orthophoto_is_rejected_with_explanation;test_surface_mode_switch_is_hidden_until_both_modes_are_usable;test_surface_mode_switch_reflects_the_selected_categorical_source;test_surface_mode_switch_selects_source_and_refreshes_visible_surface;test_topography_and_light_pollution_reject_out_of_coverage_activation;test_visible_surface_allows_independent_terrain_3d;test_visual_style_change_reloads_only_visual_render_settings;test_visual_style_switch_is_independent_of_surface_source,,true,false,false,false,false,false,,Automated characterization or contract test.,active_or_unconfirmed,KEEP,,0.75,No confirmed replacement or deletion evidence.
tests/test_telescope_runtime.py,python,2017,68,tests,dev,0,2,test_compute_airmass_handles_horizon_and_high_altitude;test_compute_airmass_low_altitude_kasten_young;test_compute_extinction_k_from_aod_and_pressure;test_compute_extinction_k_uses_fallback_without_data;test_on_resize_keeps_button_attached_to_panel;test_update_star_rendering_params_isolates_general_and_scope_modes,,false,false,false,false,false,false,,Automated characterization or contract test.,active_or_unconfirmed,KEEP,,0.75,No confirmed replacement or deletion evidence.
tests/test_terrain_render_pipeline.py,python,16622,517,tests,dev,0,5,test_atmosphere_auto_scales_to_short_and_long_visibility_ranges;test_atmosphere_progressively_desaturates_and_reaches_horizon_color;test_atmosphere_zero_intermediate_and_maximum_distance;test_celestial_light_factors_are_continuous_and_phase_gated;test_constant_slope_has_one_shared_normal_including_mesh_edges;test_flat_terrain_normals_point_up_without_nan;test_incomplete_lunar_ephemeris_cannot_invent_moonlight;test_invalid_neighbours_and_edges_do_not_create_nan_normals;test_lambert_uses_configured_light_and_bounds;test_original_visual_style_is_a_strict_noop;test_ridge_normals_are_smooth_and_never_invert;test_vibrant_depth_haze_uses_linear_camera_distance;test_vibrant_farthest_depth_reaches_the_configured_fog_colour;test_vibrant_grade_lifts_blacks_and_applies_bounded_vibrance;test_vibrant_haze_converges_and_desaturates_distant_colour;test_vibrant_night_grade_stays_dark_and_reduces_source_chroma;test_vibrant_night_haze_uses_the_dark_sky_instead_of_day_fog;test_vibrant_settings_are_validated_and_serializable;test_vibrant_shadow_blends_cold_sky_ambient_without_becoming_black,,false,false,false,false,false,false,,Automated characterization or contract test.,active_or_unconfirmed,KEEP,,0.75,No confirmed replacement or deletion evidence.
tests/test_terrain_representation.py,python,15999,517,tests,dev,0,4,RecordingLightSampler;test_bake_persists_observer_sample_fallback_source_in_preview_and_final;test_bake_without_dem_completes_with_explicit_flat_fallback;test_flat_horizon_preserves_preference_without_topographic_mesh;test_flat_surface_sampling_distances_survive_profile_round_trip;test_horizon_profile_loads_legacy_npz_as_relief;test_horizon_profile_roundtrip_preserves_representation_contract;test_legacy_observer_provider_keeps_requested_source_compatibility;test_real_bake_prepares_light_raster_for_full_visibility_radius;test_real_dem_builds_mesh_only_for_relief;test_representation_enums_normalize_to_stable_values,,true,false,false,false,false,false,,Automated characterization or contract test.,compatibility_risk,REFACTOR_IN_PLACE,,0.72,Contains compatibility/legacy/deprecation markers.
tests/test_terrain_surface_render.py,python,74033,2312,tests,dev,0,10,RecordingOverlay;test_adjacent_interpolated_triangles_have_no_coverage_seam;test_astronomical_night_and_full_moon_have_bounded_visibility;test_base_material_cache_is_immutable_and_independent_of_time_and_light;test_base_material_key_changes_only_for_static_material_inputs;test_cached_rgba_remains_the_base_color_without_light_or_haze;test_canvas_builds_full_moon_context_from_separation_when_needed;test_canvas_prefers_skyfield_sun_angles_for_terrain_context;test_categorical_cache_is_detected_for_surface_renderer_routing;test_categorical_edges_are_softened_without_changing_material_identity;test_categorical_material_is_selected_in_terrain_space_not_by_screen_vertex;test_categorical_smoothing_does_not_cross_the_terrain_silhouette;test_categorical_triangle_never_blends_base_class_colours;test_categorical_variation_changes_hue_territorially_not_as_pixel_noise;test_categorical_variation_is_stable_and_low_frequency;test_category_hit_ignores_non_categorical_surface_cache;test_color_composition_applies_lighting_before_atmosphere;test_configured_direction_remains_the_invalid_ephemeris_fallback;test_conifer_material_uses_dem_orientation_for_cool_dense_shade;test_continuous_triangle_keeps_smooth_rgb_interpolation;test_daylight_direction_changes_bright_slope_in_every_visual_style;test_distance_changes_only_the_post_lighting_atmospheric_stage;test_explicit_profile_mode_ignores_an_accidental_mesh;test_fallback_material_is_cached_without_surface_or_time_dependency;test_flat_geometry_source_is_explicit_and_never_uses_relief_mesh;test_horizon_coverage_antialiases_only_configured_edge_band;test_horizon_coverage_uses_terrain_rgb_without_light_or_dark_halo;test_horizon_geometry_retains_float_precision_for_diagonal_line;test_interpolation_is_continuous_across_the_shared_diagonal;test_invalid_celestial_context_uses_the_configured_light_fallback;test_legacy_interaction_fallback_is_reactivated_with_one_flag;test_legacy_vibrant_sun_switch_no_longer_disables_astronomical_light;test_lighting_cache_key_is_camera_free_but_time_sensitive;test_missing_surface_fallback_keeps_a_neutral_base_for_celestial_lighting;test_mixed_triangle_selects_one_deterministic_material;test_original_terrain_light_uses_real_astronomical_direction;test_partial_relief_cache_does_not_stretch_fov_across_pending_mesh;test_partial_surface_cache_leaves_unloaded_azimuths_for_topographic_fallback;test_profile_cache_maps_sparse_band_and_circular_azimuth_indices;test_profile_category_hit_uses_top_visible_polygon_and_nearest_sample;test_profile_fallback_uses_the_same_sun_moon_and_night_model;test_profile_representation_uses_cached_polygon_without_raster_io;test_protected_small_category_is_not_diluted_by_edge_softening;test_region_regularization_keeps_protected_small_building;test_region_regularization_rounds_corners_and_absorbs_thin_streaks;test_relief_cache_maps_sparse_indices_and_wraps_mesh_columns;test_relief_category_hit_matches_the_regularized_display_material;test_relief_category_hit_uses_greatest_barycentric_vertex;test_relief_mode_with_real_mesh_selects_relief_renderer;test_relief_occlusion_darkens_valleys_and_drives_layered_haze;test_relief_preview_without_mesh_uses_profile_bands;test_relief_remains_enabled_during_interaction_by_default;test_render_cache_layers_invalidate_independently_for_time_and_camera;test_resolved_material_cache_rejects_stale_triangle_geometry;test_resolved_material_cache_reuses_projected_classes_across_time;test_same_category_keeps_discrete_base_with_continuous_lighting;test_same_class_code_from_different_sources_is_not_one_material;test_shared_vertex_values_are_independent_of_triangulation_order;test_snow_reveals_mineral_colour_on_low_steep_sunlit_slope;test_static_variation_and_dynamic_solar_response_are_separate;test_surface_material_lookup_is_independent_of_triangle_diagonal;test_uniform_categorical_triangle_remains_one_material;test_vibrant_base_material_preserves_semantic_identity_and_small_classes;test_vibrant_bloom_does_not_glow_dark_terrain;test_vibrant_bloom_favours_sunlit_highlights;test_vibrant_bloom_is_disabled_without_moon_and_capped_under_full_moon;test_vibrant_bloom_is_soft_thresholded_and_stays_inside_surface;test_vibrant_bloom_uses_low_opacity_additive_composition;test_vibrant_orthophoto_base_preserves_source_rgb_and_is_cached;test_vibrant_palette_changes_colour_without_changing_category_identity;test_vibrant_sun_has_stronger_directional_separation_with_coloured_shadows;test_vibrant_terrain_light_uses_real_astronomical_sun_angles;test_visible_surface_always_requires_relief;test_water_material_is_lighter_near_shore_and_deeper_in_centre,,false,false,false,false,false,true,,Automated characterization or contract test.,active_or_unconfirmed,KEEP,,0.75,No confirmed replacement or deletion evidence.
tests/test_terrain_visibility_range.py,python,6236,160,tests,dev,0,6,FlatDem;test_auto_range_at_sea_level_includes_target_horizon;test_auto_range_from_mountain_adds_both_horizons;test_bands_and_mesh_reach_same_resolved_radius_with_bounded_lod;test_legacy_mapping_uses_auto_defaults;test_manual_minimum_and_maximum_clamps;test_profile_radius_invalidates_pre_cartesian_relief_mesh;test_profile_radius_metadata_invalidates_legacy_and_short_cache;test_range_settings_are_serialized_for_the_bake_subprocess;test_reducing_visible_radius_keeps_source_profile_and_slices_mesh;test_refraction_extends_auto_range;test_relief_mesh_starts_inside_the_overlapping_cartesian_near_patch;test_view_mesh_contains_real_cartesian_geometry_below_the_observer,,false,false,false,false,false,false,,Automated characterization or contract test.,compatibility_risk,REFACTOR_IN_PLACE,,0.72,Contains compatibility/legacy/deprecation markers.
tests/test_tile_cache_load_safety.py,python,1708,55,tests,dev,0,1,test_tile_cache_npy_load_uses_safe_mode,,true,false,false,true,false,false,,Automated characterization or contract test.,active_or_unconfirmed,KEEP,,0.75,No confirmed replacement or deletion evidence.
tests/test_tile_manifest.py,python,5566,186,tests,dev,0,1,test_tile_identifier_format;test_tile_manifest_preserves_zero_declination_tiles;test_tile_manifest_primary_tile_picks_nearest_match;test_tile_manifest_region_and_adjacent,,false,false,false,true,false,false,,Automated characterization or contract test.,active_or_unconfirmed,KEEP,,0.75,No confirmed replacement or deletion evidence.
tests/test_visual_magnitude_engine.py,python,3027,100,tests,dev,0,3,test_aperture_gain_matches_reference_formula;test_atmospheric_loss_penalizes_limit;test_automatic_bortle_drives_eye_limit;test_camera_profiles_apply_different_sensor_bonus;test_exposure_interdependence_increases_limiting_magnitude,,false,false,false,false,false,false,,Automated characterization or contract test.,active_or_unconfirmed,KEEP,,0.75,No confirmed replacement or deletion evidence.
tests/test_worker_data_sources.py,python,21271,680,tests,dev,0,5,FakeGeoTiffService;FakeProvider;FakeService;test_bake_command_carries_explicit_mode_and_typed_source_snapshot;test_bare_elevation_query_runs_in_worker_thread;test_light_pollution_provider_switches_with_observer_coverage;test_queued_surface_refresh_resolves_latest_worker_profile;test_rgb_and_categorical_are_alternative_persisted_active_products;test_surface_mode_change_skips_partial_and_swaps_completed_copy_atomically;test_surface_refresh_publishes_visible_fov_before_complete_background;test_surface_row_progress_is_throttled_before_entering_the_qt_queue;test_surface_runtime_source_uses_first_provider_with_valid_samples;test_surface_sampling_service_and_cache_survive_identical_refreshes;test_terrain_coordinator_can_cancel_pending_surface_refresh;test_terrain_coordinator_closes_during_bake_and_reaps_subprocess;test_terrain_coordinator_closes_during_surface_sampling;test_terrain_coordinator_closes_geotiff_resource_after_cancelled_read;test_terrain_coordinator_never_runs_surface_refresh_on_gui_thread;test_terrain_coordinator_runs_pending_surface_refresh_when_profile_arrives;test_terrain_coordinator_shutdown_does_not_use_qthread_terminate;test_terrain_coordinator_shutdown_never_leaves_worker_thread_running,,true,false,true,true,true,true,,Automated characterization or contract test.,active_or_unconfirmed,KEEP,,0.75,No confirmed replacement or deletion evidence.
tools/dev/check_pyright_baseline.py,python,1744,59,tools,dev,0,0,main,,false,false,false,false,false,false,,Command-line or developer tooling.,active_or_unconfirmed,KEEP,,0.75,No confirmed replacement or deletion evidence.
tools/dev/code_inventory.py,python,38693,1097,tools,dev,0,0,ModuleRecord;SymbolRecord;build_parser;generate;main,,true,false,true,true,false,true,,Command-line or developer tooling.,compatibility_risk,REFACTOR_IN_PLACE,,0.72,Contains compatibility/legacy/deprecation markers. 1 broad exception handlers.
tools/dev/generate_mvc_file_roles.py,python,8624,248,tools,dev,0,0,classify;main;manifest,,false,false,false,true,false,false,,Command-line or developer tooling.,active_or_unconfirmed,KEEP,,0.75,No confirmed replacement or deletion evidence.
tools/import_gaia_catalog.py,python,3480,115,tools,dev,0,2,main,,false,false,false,false,false,false,,Command-line or developer tooling.,active_or_unconfirmed,KEEP,,0.75,No confirmed replacement or deletion evidence. 1 broad exception handlers.
